Mr.HacKer,hacker-mr,mr.radhouane,mr-radhouane,1
Mr.PERSIA,mr-persia,Mr.Anwalt,anwalt-mr,1
vps.cracker,cracker-vps,k_samus,k-samus,1
rel.vendor,rel-vendor,V_razorleiro,razorleiro-v,1
pcsx.is,is-pcsx,I_Sloth,i-sloth,1
mr.terminator,mr-terminator,mr.radhouane,mr-radhouane,1
mrtea_z,mrtea-z,mr.terminator,mr-terminator,1
Mr.Anwalt,anwalt-mr,mr.terminator,mr-terminator,1
Dark_Sky,dark-sky,k.d,d-k,1
spirited_wolf,spirited-wolf,I_Sloth,i-sloth,1
elite_hackers112,elite-hackers,k_samus,k-samus,1
elite_hackers112,elite-hackers,I_Sloth,i-sloth,1
mr.radhouane,mr-radhouane,mr.ego,ego-mr,1
vn5socks.net,net-vn5socks,k_samus,k-samus,1
