index,name
0,don
1,tmartin
2,elamb
3,sil
4,pcsneaker
5,T_Bone
6,negseven
8,mitchmcse
9,piroman
10,Sharkscott
11,Kevan
12,ehadsell
13,kriscamaro68
14,oyle
15,Dengar13
16,ethicalhack3r
17,impelse
18,sh4d0wmanPP
19,Grendel
20,stevechol2
21,dareth
22,oleDB
23,Negrita
24,skel
25,magnologan
26,slimjim100
27,mn_kthompson
28,iSmith
29,shawn
30,d1spat3r
31,CadillacGolfer
32,MaXe
33,Cutaway
34,hell_razor
35,ckirsch
36,supafly613
37,mdavis7
38,vakarus
39,dante
40,Thangvt
41,blackazarro
42,heffnercj
43,Sune
44,sayonara.yoga
45,venom77
46,dalepearson
47,funkybunch78
48,Joshsevo
49,Mr Undoubtable
50,mesho
51,estriches
52,apollo
53,tturner
54,p0et
55,gqblue2003
56,Beckman11
57,rayj00
58,LegioX
59,m0wgli
60,petera
61,Malachai
62,hackly66
63,lastdojo
64,jackveneno
65,blackice2007
66,mdzaman
67,lovewadhwa
68,Triban
69,sandrodado
70,dva
71,What90
72,boney
73,BiotiC
74,chugh_a
75,real.whitehat
76,timmedin
77,EricSites
78,morpheus063
79,themadhatter
80,S20
81,UNIX
82,dprophet
83,hitechpo
84,walts
85,busana100
86,anonymous7
87,0blivi0n
88,KH3
89,jhonsonjade
90,satyr
91,amede0
92,jonas
93,hayabusa
94,dannioni
95,archtctfr
96,masta_hacks
97,JeffCT
98,sedated
99,nicky.coder
100,Florin
101,lowcalorieedwin
102,yohan900
103,hackernovice
104,djsunman
105,pseud0
106,Superman859
107,proudindian
108,theGlassbox
109,dErF
110,g00d_4sh
111,Kev
112,cd1zz
113,geekyone
114,0cyberkill0
115,jason
116,Eth!cal
117,bigwhiff
118,KrisTeason
119,Data_Raid
120,Mr. Roboto
121,vg12
122,klive
123,bobby
124,jack869
125,eth3real
126,manju_salian
127,bianoc
128,EmanoN
129,RoleReversal
130,zeknox
131,W4nn4B1337
132,dynamik
133,rattis
134,vijay2
135,Xen
136,oneeyedcarmen
137,mohaab
138,Bogwitch
139,caissyd
140,alucian
141,rok
142,shakuni
143,Cryptid_maniac
144,pjayes
145,phn1x
146,a1000
147,xmachine
148,gradian
149,saha
150,Cr@sh
151,yatz
152,ciscostu
153,jakx
154,nelson
155,shednik
156,izman70
157,vivek.ramachandran
158,sgt_mjc
159,NickFnord
160,nap191
161,SynJunkie
162,KevinInGuardians
163,unicityd
164,virtronic
165,COm_BOY
166,Vertigo
167,Jhaddix
168,Jeegro
169,ahmsimi
170,wyousif
171,Chan
172,Cd82
173,jadyason
174,Thegmandrive
175,kcirtap
176,WCNA
177,mialta
178,elcapitan
179,H4TT1fn4TT
180,Barnabas
181,ddaavnid
182,Ne0
183,Feras
184,gt86
185,AndyB67
186,larryedwardpotter
187,sh4d0wman
188,cnickerson
189,frever
190,Higgins
191,geo
192,carboncopy
193,punkrokk
194,Dark_Knight
195,Darktaurus
196,mog30
197,crk
198,Ketchup
199,PDB
200,former33t
201,R3B005t
202,TTewell
203,unsupported
204,r_mizell@hotmail.com
205,Ignatius
206,balder
207,Otter
208,rebrov
209,l33t5h@rk
210,SEVIC33
211,lorddicranius
212,quan991
213,eRiCtHyReD
214,dark_north
215,hoytj
216,securityguru
217,rance
218,MadCoder
219,viruz
220,mafebresv
221,Sopwith
222,SephStorm
223,fx0ne
224,bluto
225,alan
226,Vedder
227,mtgarden
228,coolzero
229,plan2000
230,rvs
231,Wolf179
232,MicroJay
233,cyberkalki
234,n1p
235,johnacandy
236,veritas_libertas
237,pizza1337
238,zeroflaw
239,j0rDy
240,MosGuy
241,reese66
242,jinwald12
243,ceh2006
244,The_Eccentric
245,ziggy_567
246,sachitre
247,alwinux
248,crossover
249,dasecretzofwar
250,bamed
251,El33tsamurai
252,manoj9372
253,xFrosty
254,alburnett
255,justinboggs
256,ruggine
257,Armando
258,Tails502
259,r2s
260,secureseve
261,Dutchie
262,nonexistententity
263,MatP
264,bery
265,VICKS_DX
266,rabray
267,Adward
268,abojasim13@yahoo.com
269,charliemong
270,robbk
271,TheParanoidDroid
272,Bl4ck_D4wn
273,mallaigh
274,cyeudoxus
275,dazdaz
276,sarathmedia
277,Jtmalley
278,wmburke
279,hellbraker
280,InfoSecEdu
281,Steve_Sanchez
282,f4csimil3
283,satish.lx
284,S3curityM0nkey
285,zigzago
286,h@x0r
287,jsm725
288,JayOni
289,jbt52
290,abgenius
291,ambient
292,Eggdropx
293,mambru
294,t0rh4cker
295,O_o
296,dbest
297,idr0p
298,the_Grinch
299,mubix
300,furytech
301,raptorsl
302,mastodon
303,vp75
304,zenlakin
305,aditya292004
306,n3r
307,Sys0pinion
308,eccodom
309,Preestar
310,Oceans80
311,BORIS101
312,YuckTheFankees
313,New to the game
314,lorgmorgoth
315,spyman
316,TheXero
317,White ghost
318,ev0wpnz
319,jsloan1223
320,midnight monster
321,albatr0ss
322,blueaxis
323,conch
324,hurtl0cker
325,manikanth
326,cyberman
327,Gromic
328,Sinco98
329,isgillen
330,knwminus
331,Maciej Kozuszek
332,Seen
333,esrovillar
334,anurag0krishna
335,Hanzo
336,Nuutero
337,nytfox
338,Eleven
339,opticalcarrier
340,notsosecure
341,Br0ken
342,cyber.spirit
343,Deadpool614
344,moosa
345,amol_d
346,Hakin9Lab
347,Novice hacker
348,docrice
349,RichFalcon
350,DragonGorge
351,MrTuxracer
352,camelCase
353,Forgotten
354,bobby_here
355,khaberstroh
356,Janusz
357,Unborn
358,msantiago2222
359,shadowzero
360,DataDwarf
361,ZeroOne
362,Jamie.R
363,LT72884
364,ronsmith00123
365,Capotao
366,AL1R3Z4
367,Yet
368,sternone
369,jjwinter
370,noghost
371,t0mcat
372,Shock
373,superkojiman
374,prats84
375,Catalyst256
376,Dementia
377,Diddykong
378,Hudson185
379,jimbob
380,skorpinok
381,Amidamaru
382,AndyP
383,matt81
384,w00rmb00t
385,mnlhfr
386,cb122
387,n37sh@rk
388,dark_knight_baby
389,globus
390,esojzuir
391,24772433
392,encryptedmind
393,Dalobo
394,azmatt
395,jrdoty
396,Malinois1983
397,UKSecurityGuy
398,gphantom
399,gwocnigeria
400,securitian
401,networkmagician419
402,zeebee
403,the_hutch
404,hanyhasan
405,zaixer
406,saskiller
407,kashton
408,ChrisP65
409,The New LT72884
410,markjohnson
411,missv
412,cathack
413,kscavenius
414,freeozon
415,ry4wn
416,marko
417,alwinn
418,Chiefum
419,kvogel
420,Hug_It
421,zgrp
422,mark77
423,GuyC
424,plik
425,deriaN
426,spyhunter
427,vidal
428,charlottebandit
429,emperor_ankit
430,gfleischer
431,Nuegenx
432,linus222
433,creepinshadow
434,somebot
435,mctoffer
436,blinkcrack
437,PTVenom
438,kabal
439,CJS
440,shawal
441,Marshel007
442,nha_ngheo
443,Cheap5.0
444,oldgrue
445,mad_irish
446,silxp
447,$w33p3R
448,m0rebel
449,Rafales
450,lincoln
451,hades_a
452,Phyr3Ph0x
453,eternal_security
454,Gmoraes
455,doodleface
456,ezabi
457,webman1
458,mik
459,supto
460,sschut
461,SecMan
462,kerpap
463,kimms
464,JLynch
465,pawan_kumar
466,kutupla
467,Neophyte
468,h0les
469,teedge77
470,Anquilas
471,d3l0n
472,orca
473,sajeeva
474,joker5bb
475,just need help
476,johnnekar
477,Blaze
478,derjosh
479,fisher00
480,ejbragg
481,N15M0
482,agarwaal.devesh
483,steven1664
484,DavidW
485,supermanbe
486,BlueEyedSamurai
487,42spt
488,easy
489,BreakThesec
490,proactivedefender
491,taylorbanks
492,psyk0de
493,linsz
494,mad_jer
495,Izhar
496,Nicolas.Bourbaki
497,adroc
498,Willardinho88
499,mosess
500,Ion
501,b!rd0fb3auty13
502,duane1
503,CodeCompiler
504,phate867
505,TomTees
506,jimmy1980
507,mustu
508,DJWynn
509,slinky
510,brunog
511,josephTaito
512,EttaBuchhen
513,inf3kt1d
514,cybersecrets
515,jprovira
516,bahr
517,nfeynman
518,shariquekhan
519,Henry864
521,luckydevil
522,DrivinTin
523,shavedlegs
524,marcos_s
525,Pyro
526,JrGong
527,Synister Syntax
528,Goders
529,beathacker
530,zezo010
531,ilyasnone
532,Yuriy
533,zr0crsh
534,dimo
535,spayre
536,UnderSound
537,laarijo
538,Sniganoo
539,pharmerjoe
540,hungrymind
541,oasis_inin
542,scuccii
543,dh1mcp
544,jbabtech
545,ceh_eskatoi
546,tjmarkowitz
547,schwarztrader
548,rentdresozw
549,m0ei
550,geeksaresexy
551,KainVH
552,CTRLS
553,smittyb
554,Kai
555,Steven Hunter
556,Carey74
557,smgww
558,Knb15
559,Salvalagio
560,talkinelf
561,cmos
562,ryan.cartner
563,Nixxon2000
564,MaxwellSmart
565,rish132004
566,nusa dusa
567,3pIcenTer
568,linuxstarved
569,paddy
570,ZoZa
571,ogenstad
572,mgl
573,lelakimipa
574,littleblondenerd
575,vijonline
576,790137
577,scripteaze
578,piewacket
579,inobegentleman
580,sTupID
581,flakzeus
582,Constantine
583,Exige69
584,bmtwin
585,Silver535d
586,RJReed67
587,kevinmbong
588,Fathercat
589,JohannaDefenceIQ
590,jstall
591,queen
592,arpanbhatia
593,Isidoro
594,dougburks
595,hack_newbie
596,psychorugger
597,facsimil3
598,Diluted
599,putosusio
600,xMalachi
601,MASTFE3
602,ethnet
603,divine
604,TalentScout
605,namitha
606,LoganYoung
607,Greg Inguagiato
608,trolldbois
609,securinate
610,PAL1144
611,nub001
612,hackersafe
613,GOZES
614,trighger
615,rennen
616,MindOverMatter
617,brian12988
618,rev3_13
619,Solinus
620,ISim
621,beendone
622,kevinwan
623,Tinfoilcat
624,Rhyder
625,asterix
626,drummerjim123@aol.com
627,Tiennot van Dilst
628,vexsus
629,hdmoore
630,nightwarf
631,barry
632,Big Bur
633,saintp
634,nickwa
635,HAAAK
636,jhernandez
637,lemming2012
638,missile
639,t0lomp
640,archer
641,secmatrix
642,xhable
643,defilaide
644,krish
645,doodie
646,goose84
647,Hero
648,gauravgupta
649,mackwage
650,Ps_107
651,jb007uk
652,wylde342
653,jaxverts
654,RyanMcGinnis88
655,Cyb3rn4ut
656,Halloween
657,Dertweiller
658,seanuk
659,dmc1592108
660,kern
661,mitahrogers
662,luxpc
663,Kokopelli
664,spoonyG
665,regak
666,gtron
667,N3o
668,silverknight
669,cwc
670,goAci
671,nibiru78
672,cector
673,Morello
674,warquel
675,Barclay
676,mwguk1
677,monkeymind
678,niker02
679,mtxlplck
680,rlallen
681,Raccoon
682,danielsen2009
683,ric2007
684,Ph0tog
685,scadamonster
686,hardvibes
687,b1u3
688,old531
689,shampy_garg
690,Spyder
691,XcomPanther
692,kwatko
693,crapbot
694,matthiasfan
695,Wooddny
696,SEIDCON
697,arcticblast
698,LZeraus
699,ifndefx
700,serfczar
701,tarterp
702,Root_compromise
703,edygert
704,ewall
705,saberhagen
706,bkevin
707,secudo
708,dalopez
709,slag
710,lostnucleus
711,york_daro
712,Kevin
713,halcyon
714,__v1rg0__
715,1slorunner
716,bobismighty
717,Pookie
718,slaughterhed
719,VMudd
720,securED
721,hrp2171
722,carpej
723,bigclickit
724,nimari
725,wytcld
726,squidmaster
727,bdtester
728,FORUMWARE
729,omegasystem
730,jggozum
731,dizzyman
732,Brian Cowen
733,securestate
734,georos101
735,ToniU
736,kthc
737,Diablo22
738,chasebadkids
739,nitinceh
740,zer0
741,sync
742,phstiger
743,Zermelo
744,kurbis
745,shadowsecho
746,termight
747,havoc
748,ziplock
749,TalioGladius
750,NISHANT
751,tuborg3110
752,Sudanese
753,kachhkumma
754,n00b@hacking
755,TrueLux
756,bugmenot
757,big_fact_hunt
758,usman
759,r00t
760,seanovision
761,neteng33
762,kyrow
763,nAkA
764,Cranis
765,JJJHS13
766,bailenforcer
767,crate
768,The Godfather
769,Tinman
770,KTHZR
771,Lubinski
772,kmtay
773,Bushman4u
774,SkyGear
775,one4damoni
776,Rugger
777,Asoka22
778,vaibahv
779,firemastrr
780,pentestnoob
781,mmcool
782,harky
783,balasurfs
784,Bascom Bridge
785,iviggers
786,galaril
787,info_genius
788,MyNiggaZ
789,kaizo
790,jango79
791,Dr.Sneak
792,icetek
793,mio
794,network3d
795,Ashli
796,karmanya
797,hiddenillusion
798,erojas66
799,Cirdan
800,sargule
801,rraj.be
802,enve
803,NoodleCouncil
804,Evil1
805,macattack
806,cringe
807,mchugh48
808,JobMatchNow
809,federal
810,kennut
811,DraeneiLover
812,jamieaeth
813,Pil Poil
814,pete.grant
815,gnome
816,ssy_hacker
817,chrisbdaemon
818,snouto
819,zelda
820,ami
821,mtu
822,jackall
823,CommGirl
824,locomotive
825,PhineasGage
826,VashTS
827,thatnewkid
828,oziko
829,masterchop
830,Empires89
831,bigtone82
832,mambo
833,BadBadThing
834,Chassidic1
835,tntcoda
836,davekoob
837,maxpeck
838,TonyG
839,jonah_15
840,anton
841,Alekann
842,H1PPY
843,njemjy
844,virusi
845,ingenierito25
846,mfthompson
847,Koiso
848,garethaw
849,ATC
850,KiN
851,Amat3ur
852,bojan
853,cleanwithit0607
854,Evilcry
855,jigkin22
856,andreacross
857,majinbijiita
858,software
859,avwaard
860,Kraxor
861,maumercado
862,zapacila89
863,Zer0Byt3
864,ethanhunt
865,billbo01028
866,notask
867,SirRed
868,alien8predator
869,inetbogey
870,odius1
871,stanstan
872,Infernox222
873,odious
874,servercrasher365
875,Artful Dodger
876,scucci
877,jason007
878,Eidolon
879,NoSman
880,bks1
881,EveningStarNM
882,doctorv
883,dastagir
884,Loic
885,ROLLN
886,ohtechwiz
887,kwismer
888,idscore
889,cbelz
890,Bryslayz
891,chevalier3as
892,p_dub
893,paul_w_bader@hotmail.com
894,emmabppr
895,Fettdog53
896,nothingelse
897,lampard
898,dottom
899,kimza01
900,Joker669
901,charles ray
902,tbone
903,mortalking
904,sudeeplohi
905,humv
906,ialfaro
907,billy786
908,rdkumarj
909,Akhenaton
910,det_security08
911,robb369
912,fischer
913,The Real NeO
914,RobMongoose
915,bapinmohanty
916,soms_ccna
917,madison
918,JayTee
919,ccpik
920,nubie
921,pentester
922,Ink
923,Skull2006
924,mobzi
925,lapsa22
926,teamer
927,The Phreak
928,SecurityBarbie
929,axnjxnind
930,drhellno
931,vrsandersjr
932,Dilip
933,foxecks
934,Shal1989
935,sticla
936,mohan12e
937,bruha666v
938,mr.Z
939,wrono32
940,toilatuan_2000
941,only_samurai
942,jyxavier
943,scottga
944,iosoft
945,Simon
946,ShawnB
947,Beamrider
948,Mansa
949,sahduk
950,rma88
951,securitysumo
952,blck_kenzo
953,nicklauscombs
954,llewell
955,hackingTutsAuthor
956,Macphisto
957,HeadlessZeke
958,JTD121
959,kernelinux
960,janugu
961,CMonkeyDO
962,seedy
963,nikmidu
964,Afteryou
965,Narukami
966,Trebin
967,ktessy
968,cptl_G_1949
969,chrisgriffin
970,Wintermute
971,diodime
972,X0Red
973,theaudioman
974,unkillsam
975,brianW85428
976,jeichande
977,gueb
978,jdgonzales
979,mortain
980,AJ7
981,br945
982,eeshasood
983,BigFoot
984,Steal_Everything8
985,GaryPod
986,zals_hacker7
987,jpatz18
988,zeeshan
989,SecNut
990,seawolve1
991,chuck378
992,joswr1ght
993,waltmanno
994,hawaii67
995,edskoudis
996,epyonx
997,xxxxx
998,RLTDSecurity
999,sturm
1000,edgargarcia
1001,Crunchtime
1002,Jenifer
1003,brachiator
1004,skitch
1005,trolley
1006,liztownsend
1007,MadmanTM
1008,hb21l6
1009,Lancewang
1010,sbsb
1011,blueback00
1012,mmurray
1013,silent_devil
1014,bmarko
1015,Pheonix 7102
1016,gray_hat
1017,TheSun
1018,nitrobass24
1019,Steal_Roise
1020,kagyu
1021,greasy19
1022,gstefanick
1023,mithilion
1024,logisic
1025,a1sporty15
1026,awhitehatter
1027,w007
1028,scottr
1029,adamj
1030,who8myrice
1031,duffman984
1032,17.feb.2011libya
1033,Sysadmin
1034,Mandux
1035,acast2003
1036,null1
1037,cdman
1038,stimmerman
1039,guiltyfan
1040,owolab4tom
1041,TruckputerX
1042,PorscheWoman999
1043,Humper
1044,ServerDude
1045,gliTch
1046,Stifler
1047,seVor
1048,giavaroto
1049,Caravan
1050,_jon
1051,acj
1052,outsourcethis
1053,pdub5407
1054,Trocco
1055,Malware
1056,acastanheira2001
1057,sethmisenar
1058,Methodikal
1059,egyp7
1060,Rakurai
1061,pibe86
1062,Flash13
1063,nabhi2k
1064,red rail
1065,st3r30byt3
1066,sandcrawler
1067,royaeel
1068,tonyalemida
1069,Pingutzu
1070,veronca
1071,carlos123
1072,rmsa
1073,munch137
1074,sixales
1075,ironic
1076,premdhar
1077,t3h3m0k!d91
1078,canislupis100
1079,ssour
1080,pwned
1081,wishi
1082,Valkyrja
1083,Soolari
1084,eNten
1085,Krizzc
1086,munkeyfreenix.batcat
1087,fade2black
1088,Stewby
1089,rogueclient
1090,uncivilizedlegend
1091,ants
1092,georgekenny
1093,inindix
1094,skiglades
1095,tkennedy
1096,nir1978
1097,Demagog
1098,yoy33
1099,Ayman511
1100,monokle
1101,eliotn
1102,Smeghead
1103,itg33k
1104,worryfree
1105,mickormac
1106,Halfubbansano
1107,ANTmanDiggy
1108,Blindeyed
1109,kindle
1110,Svenxix
1111,smithe
1112,pushaaaz
1113,mike926
1114,scabs
1115,the_gamer
1116,studs
1117,enigma
1118,smorgan
1119,ficti0n
1120,F4RR4R
1121,dreams3577
1122,jmseitz
1123,DrWireMORE
1124,ba22er
1125,Darknight
1126,jason.williams14
1127,i_admit_iam_a_geek
1128,bigthugs0
1129,dzap
1130,CentVingt
1131,lithium
1132,bobRichards2
1133,Novo
1134,Orhan
1135,cyberbreeze
1136,rajjaran
1137,steirks
1138,coffeeking
1139,PyHacker
1140,c0nciderate
1141,windexh8er
1142,bickmade
1143,entronp
1144,arunkmohan18
1145,SubnetX
1146,W3bWarl0cK
1147,mohsinhafeez
1148,Peao
1149,mjw
1150,matthew_ottoson
1151,KamiCrazy
1152,francois
1153,kungfusteve
1154,mohit
1155,tmAc
1156,Bozzums
1157,alice
1158,Pacochan
1159,Bluecifer
1160,delano
1161,Spl0it
1162,DaberMania
1163,Mark
1164,fuzzware
1165,yackko
1166,reliks
1167,macdaddy
1168,fuzed
1169,yruohk
1170,1baseman16
1171,royale1223
1172,Maverick3n1
1173,Dav_Id
1174,arkansasclp
1175,jpaulin
1176,blackzero
1177,NinjaCoreX
1178,mantraisms
1179,sharabhs
1180,nithinankam
1181,kiamo
1182,nitin
1183,Dastt
1184,ahoha
1185,Thaorius
1186,Andross
1187,chippybox
1188,nightmare44
1189,digitalvampire
1190,themenace
1191,uz3r
1192,TekserMan
1193,goku12205
1194,Martinniss87
1195,tab
1196,3PIL0GU3
1197,bl4ck.wid0w
1198,jakinne
1199,ideareboot
1200,305mia
1201,veteran5555
1202,Mux
1203,ekartik82
1204,n0on3
1205,robkeke
1206,Volkrisse
1207,DeShaude
1208,brucel33
1209,Dark Oracle
1210,kevk
1211,ScrumpyJack
1212,firstbitdrv
1213,cj0d
1214,enzo
1215,SudentGA
1216,linky1124
1217,keith55
1218,jdchilders
1219,salight
1220,moory
1221,CharlieE
1222,Static Flux
1223,Spikyles
1224,payup
1225,stardustdrago
1226,Sistem74
1227,basic
1228,Third_Eye
1229,kitchensync
1230,jack_jais
1231,***ALLSTAR***
1232,sekar5in
1233,gnix
1234,vekarman
1235,abhijeet
1236,partek
1237,Job314
1238,Disneycrack
1239,Doyle
1240,karthikeyanck
1241,SJF1978
1242,dmdcissp
1243,Stocky
1244,nyx
1245,meso_sol
1246,becca
1247,IamHe
1248,joe_fun
1249,hackster117
1250,novovictus
1251,rahulr
1252,Marina@Redspin
1253,Dtag
1254,Switch101
1255,AMDEX Corp.
1256,honours_three
1257,petergibons
1258,Puddn69
1259,jherrin
1260,l33b33
1261,Awesome!
1262,killerbadger1994
1263,moblob
1264,t3kn3k4l
1265,elena
1266,justinkallhoff
1267,iamnoob
1268,Simbah
1269,twister
1270,delusion
1271,dfcrackhead
1272,tang
1273,xxravenxx
1274,mulberry
1275,Magnificent1
1276,Fr0z3n
1277,Baptist0ne
1278,psmyth
1279,todmanav
1280,raymond hua
1281,LSecure01
1282,BigBopper
1283,AngelVenom
1284,elglobie
1285,mikeody
1286,neilmaclennan
1287,Hartman_Ralph
1288,joshboss1234
1289,bill_clancy
1290,simonmoore23
1291,amol
1292,NjOy
1293,grinderman
1294,Andec
1295,landen99
1296,uperkurk
1297,coaltar
1298,ChrisPEditor
1299,dkeefe75
1300,kali8ula
1301,akira
1302,keith
1303,xsurf
1304,Ash Chole
1305,wubitizer
1306,MarkyZ
1307,virtualwolf
1308,nikhilnangia
1309,Tancred
1310,SadZer
1311,nitro
1312,Jayson_e_street
1313,alamouroux
1314,adrianodl
1315,stickmade
1316,33degree
1317,Ravenquille
1318,Artholm3
1319,rframe
1320,stephen
1321,kumar
1322,enteristed
1323,Nigen
1324,Guerreiro
1325,Gunito
1326,dtoliaferro
1327,seanolee
1328,nmatoka
1329,mulato
1330,nokaoi77
1331,jacksmash
1332,Sw0rDz
1333,xcircusmusician
1334,cmattmiller
1335,lewiscornwell
1336,snortymcsnort
1337,jenskirschner
1338,jasohansen
1339,tech
1340,jacobadam
1341,BigPrince
1342,Ph1b3r
1343,JerichoJones
1344,bjorn2fyte
1345,The_UnKn@wn
1346,RacerX
1347,birdofbeauty11
1348,ssherei
1349,Robert024
1350,Dranex
1351,test
1352,tjbigshot9919
1353,morningSunshine
1354,rodmacpherson
1355,turner.rook
1356,Muthukumar
1357,Midnight
1358,GarnetNW
1359,clanggedin
1360,sbeyeforhire
1361,misterex2
1362,matugm
1363,PackerDicer
1364,gh0st_$hell
1365,dz93
1366,invidia
1367,nookie211
1368,taargus taargus
1369,jev
1370,andres.riancho
1371,Makaveli
1372,fireboult
1373,haxrbyte
1374,pddotsh
1375,afroomania
1376,shazen
1377,Mannol
1378,beastmode19888
1379,jedi22
1380,Jodo Institute
1381,sgtsteamy
1382,kualla
1383,veselin
1384,TH2010
1385,geojitsu
1386,sookoon
1387,EthicalHero
1388,Fynn
1389,tux633k
1390,Joao
1391,Bryce
1392,ilistyn
1393,tango943
1394,javap22
1395,DavidC
1396,dravid123
1397,Sizerp
1398,Diamonddrago
1399,eatchocolate
1400,cgseymour
1401,jimjohnson23
1402,dropper
1403,Net_Spy
1404,labamba
1405,Neo.Anderson
1406,cortexprime
1407,badams_iyns
1408,cochese86
1409,str8jack3t
1410,SithLord2K
1411,Kadabra
1412,Nefarious
1413,destro_23
1414,ngriffin
1415,researchgoddess
1416,m0rg4n
1417,DannyAcs
1418,N3WB134444
1419,nizoral
1420,johndkent
1421,ripon
1422,Inc0
1423,r00tcrypt
1424,BC_minded
1425,eric0751
1426,ethical_alex
1427,dekx11
1428,Artholm3a
1429,cybereurope
1430,Compliance
1431,Hacks McSpack
1432,chollima
1433,Determ
1434,aphelion
1435,di9it
1436,blueocean8752
1437,Phaile
1438,edpeace
1439,rockman
1440,recon
1441,linuxuser
1442,TeknoGod
1443,SRVblackhat
1444,kaitooboro
1445,difeq
1446,2mike19
1447,it experts
1448,xflatlinex
1449,NightShade03
1450,Nett0yan7
1451,kelvinng
1452,exit popup
1453,ddraig1
1454,paymentpro
1455,dexterx
1456,cathystaylor
1457,Kragster
1458,Pacergold
1459,dakaath
1460,subhra44
1461,somebodysaveme
1462,eyenit0
1463,infowarrior0
1464,Dave 1
1465,shaqazoolu
1466,chrisadam008
1467,sh4vL10n
1468,NO_COVERS
1469,Ninja
1470,sultanmg
1471,D4rk357
1472,wadafreak
1473,rdm
1474,maanav
1475,jonjanego
1476,s0mmy
1477,hyro
1478,DukeCocoman
1479,ecgee
1480,profgiavaroto
1481,Damashii
1482,CrzyAzn
1483,ninjahacker
1484,MrMister
1485,defectedxx
1486,linares189
1487,sans2010
1488,drumminian
1489,reegun
1490,subNetMASK
1491,Joy1982
1492,boomscud
1493,sequal
1494,tanay
1495,casper
1496,URISHAMAY
1497,etheo
1498,fewboo
1499,!TSS3cur3
1500,philocipher
1501,donchizy
1502,Elongated Midget
1503,bm5034
1504,pjsutton
1505,tornado
1506,g5th
1507,Poltergeist
1508,infoseci
1509,savedjeg3
1510,son55jennings
1511,downfurlife
1512,aranger
1513,bitserve
1514,summitresourcesolutions
1515,slackerxxl
1516,dmef
1517,Arguntom
1518,borat
1519,angila
1520,Darth Que
1521,Electrobank1
1522,TechMonK3y
1523,digitalcliff
1524,TAGG
1525,vadnaisk
1526,rcappuccio
1527,Elisse
1528,XRay
1529,nilo
1530,kengy
1531,luizfzs
1532,summved
1533,dontpanic
1534,roninsec
1535,god37337
1536,mike23
1537,warlock07
1538,alexsp
1539,robbo1869
1540,MattSmithsen
1541,onlyspfc
1542,WetSock52
1543,Aegeda Riggins
1544,abigdeale
1545,waqasibrm
1546,effekted
1547,chad_work2001
1548,madwarlock2011
1549,OGDeBO
1550,haxxors
1551,earlheeg
1552,dialing
1553,snuggly_bearski
1554,dakine2285
1555,jerrykhang
1556,eoakinyemi02
1557,Sortel
1558,EJeanmaire
1559,mjones
1560,qnix
1561,nixfreak
1562,d4ym4n
1563,bmathis
1564,jamesb7555
1565,securitygal
1566,ShadowReaper
1567,pushpender.gaur09
1568,paul007ex
1569,kupholder
1570,sem
1571,deviltaz
1572,karim.hamandi
1573,rollingstone99
1574,pitman3
1575,lblake
1576,timrobin1
1577,zMsGs
1578,simsd
1579,treasur3
1580,RawgDawg
1581,TWS
1582,Tulu
1583,Naive
1584,freddawilia
1585,hitmen
1586,dant23
1587,kaiax33
1588,terro
1589,Yanni
1590,msnmatt08
1591,jonmaxell
1592,csesuvra
1593,jeffsec
1594,peta909
1595,kamikaze_fish
1596,V...
1597,thaper0007
1598,otto112
1599,ffmp3g
1600,B345T
1601,PenTestMag
1602,Cashiuus
1603,maver
1604,adl
1605,Marinajha
1606,smokey05121
1607,packet.Wire
1608,crxssoutheyes
1609,ogzille
1610,SuperSlug
1611,BrainDeadG51
1612,artistic
1613,Quote
1614,fulg0re
1615,Topsecret_007
1616,tor0
1617,exploitthis
1618,Espike
1619,chaseN_Mdown
1620,MrSmith007
1621,ladynikon
1622,csfergu
1623,Cuddles
1624,FT3S
1625,hadariss
1626,bigapple
1627,Chrisso
1628,muggz1356
1629,tibbs66
1630,redjohn
1631,coallee
1632,HaoleHero
1633,renali
1634,louisfriend
1635,willguibr
1636,chipedge
1637,Whisnton
1638,QuarterCask
1639,triznut
1640,VERONIKAQUEEN
1641,engan
1642,ThrustinDuffman
1643,secureseven_uk
1644,holysheetman
1645,bobwood
1646,smunro
1647,enhack13
1648,sANaNTONIO90
1649,fraserross
1650,securitytech123
1651,ttime245
1652,7h3rAm
1653,yonas
1654,tamato
1655,piersf
1656,Aximo
1657,Metahuman
1658,Chadk
1659,Leon2015
1660,bpecan
1661,white19
1662,acidicloop
1663,tsot
1664,kowloonboy
1665,DollarBill
1666,vulnerable
1667,theoperator
1668,leetbean
1669,mbasile
1670,jeffersonkane
1671,Kajjan
1672,Abmart
1673,Lobo5
1674,Haz3
1675,group51
1676,SVXX
1677,kuddus ali
1678,cmathiso
1679,HLS
1680,Gamer
1681,uid0
1682,bisewski
1683,bluehillryan
1684,AMP
1685,Tseug
1686,Uhaba
1687,OS4998
1688,_casper_
1689,blue_hat
1690,CeemGee
1691,chadness1
1692,cbur2107
1693,MartinHaugland
1694,loganWHD
1695,JohnUofU
1696,dear_hacker
1697,iamnowonmai
1698,TheInvisible
1699,Ghaleon
1700,needeep
1701,Yaga
1702,ravi2jkc
1703,ham123
1704,vulnski
1705,stock99
1706,browles
1707,spursfan
1708,lespommes
1709,ehk2012
1710,JRL
1711,lynoharvey
1712,suparn777
1713,asdasqwerqr
1714,wlandymore
1715,avinashs
1716,chukkyjr
1717,birch99
1718,laurah
1719,lahp
1720,mulitia
1721,alisha2265
1722,erwinadi
1723,r00tinflux
1724,kinyusha
1725,rocketscientist
1726,magxtopher
1727,Civilsurvivor
1728,lavender
1729,Tazziewan
1730,variable
1731,Partyball
1732,stephcostello
1733,AstomMar
1734,gwho1441
1735,peaceman13
1736,repins13
1737,Techi3
1738,luckynine
1739,Pholarbi
1740,Anand_valli
1741,theworldmusique
1742,hamdaalali89
1743,cod1ng_fury
1744,tim.just.tim
1745,Travis M. Fritz
1746,kriss332
1747,Pylas
1748,abcdadmin
1749,bobby digital
1750,Sam Kennedy
1751,mattyboync
1752,fring99
1753,SamoletMaj
1754,w31rd0
1755,ericrobinson
1756,skk
1757,Ghost121
1758,tyr3ll
1759,CrazyTalk
1760,[RS]Razr
1761,MarvinB
1762,grady07
1763,Cotica
1764,Friday13
1765,dedspeyd
1766,abhirdas
1767,MrAgent
1768,smokey
1769,jmicgas
1770,tylerver
1771,rserin75
1772,Sarayiah
1773,CyCurious
1774,securiti
1775,ricercar
1776,VictorM
1777,BACARDI_DWB
1778,pocman
1779,WillyWonka
1780,CAPS LLC
1781,locator
1782,freeworld
1783,nxxw
1784,syafiquel
1785,kerosen
1786,chintangurjar
1787,Beauty91
1788,georgia
1789,easton85
1790,ChooseLife
1791,oluwunmiemmanuel
1792,nhiuq
1793,JohnE
1794,lee122
1795,Schiz0id
1796,carbonated
1797,waynegs
1798,derebaker
1799,Palor
1800,cygol
1801,Root
1802,Ossobucco
1803,Matthias2012
1804,Mika Dinka
1805,naxin
1806,mkochendorfer
1807,lsekken
1808,Jinx
1809,norbertsk
1810,TAnarchy
1811,t3st
1812,Invidicous
1813,imij0607
1814,b4sh
1815,rob1
1816,kevomate
1817,madmanmars
1818,Ritz
1819,kaztech
1820,Questionable
1821,fayelopez69
1822,davegreen22
1823,bschumacher
1824,mrvore
1825,zgroves
1826,Kesigage
1827,armyrnger2000
1828,CrazyMark
1829,PuzzleKey512
1830,ttyl1333
1831,longhorn95
1832,thegreendude
1833,SUdoctstudent
1834,smash99
1835,MH@773r
1836,Algalord
1837,ras76
1838,Strawp
1839,tostringtheory
1840,vaibhg
1841,dmarques
1842,giveen
1843,matteosilv
1844,st8k
1845,reverse_eng00
1846,psalvi
1847,jikey
1848,aiBreeze
1849,petCT
1850,@~ the Hun
1851,Sergtalk
1852,silv3r.m00n
1853,TheUsD
1854,J91321
1855,blackhiden
1856,nighturchin
1857,Taemyks
1858,Alert
1859,gaurab_bhattacharjee
1860,aabee
1861,C_B
1862,vbizjp
1863,eh_r3c0n
1864,Kunal
1865,batz21
1866,teribredlow
1867,Mightygreen
1868,Anarky
1869,Master Of Puppets
1870,testdotphp
1871,jcadarsh
1872,verde
1873,unicap2700
1874,Cipher
1875,zpwr
1876,Yababa
1877,Miyoko8456
1878,reV
1879,ccpik1
1880,Bryon865
1881,swissfondue
1882,quantum_leap
1883,Tatum85
1884,Emely98
1885,Clooney409
1886,Jaimee76
1887,claud22
1888,Herschel51
1889,carllyfermo
1890,Olen99
1891,Eliseo52
1892,ISaminov
1893,mno
1894,infosec703
1895,GoldenSunKing
1896,Mr-Inaudible
1897,Mrtim83
1898,Nick_Chapman
1899,cisco_trooper
1900,tudor
1901,ITNinja
1902,GeoffreyBXL
1903,danishfayyaz
1904,Sidka0708
1905,ashksh1991
1906,m1ckrz
1907,mrpotato
1908,luvunix
1909,hesterl
1910,globallinks1+
1911,thevivalachaos
1912,dmc
1913,electricbanshee
1914,Densesmor
1915,mosunit90
1916,mdsahelpv
1917,Kamilla
1918,Zoovash
1919,airhack
1920,DraakusM
1921,DelimitingCharacter
1922,yasmenadel
1923,Daniel
1924,vulninux
1925,aaka1
1926,vignesh459
1927,Devendrudu
1928,johnhenry
1929,Jaxrmc
1930,keepitidy
1931,Dark0
1932,wcrecruiter16
1933,iiiRyan
1934,t0rnado007
1935,Odista54
1936,robert71
1937,exifern
1938,arronsalks
1939,randysumonn
1940,Sobi
1941,Strongsson
1942,FatherLuke
1943,MareenKing
1944,montibasu
1945,ritaniston
1946,Securex
1947,T-WIZ
1948,JasonInnor
1949,maxgadgetuk
1950,rocksolid
1951,Teareeflach
1952,tyupkin
1953,chas123
1954,iamgenius
1955,Mister Dannouf
1956,ThorNorseman
1957,MkowaMot
1958,zoro_09
1959,renolc
1960,kwestin
1961,ismisunderstood
1962,thisissho
1963,TomJones
1964,mikedr
1965,gr8wyrm
1966,Madtown
1967,pahoran
1968,sib3ria
1969,tex1ntux
1970,Dman
1971,thorin
1972,JasonJ
1973,lovepascal
1974,bob677890
1975,s_a_s_dude
1976,meeuw
1977,jyve
1978,flyingdutchman
1979,ewiget
1980,Hal
1981,Kingox
1982,greymore57
1983,wrono
1984,windfall
1985,wget
1986,jerry54
1987,SecurityAware
1988,azlobo73
1989,g.raham
1990,rusaus
1991,ddnc
1992,lea
1993,JamieP
1994,phreak0ut
1995,maksimu
1996,d3ef
1997,bushmlev
1998,set
1999,raju143
2000,a2iNc
2001,Archeron
2002,tato89
2003,MCR
2004,th3magist3r
2005,roguewolftamer
2006,nairos
2007,adzza
2008,spyder2535
2009,bamajedi
2010,ramesies
2011,d@emon_us3r
2012,Xploitz
2013,spiderman
2014,distroyer
2015,xysm
2016,!Sack!
2017,busker
2018,chris25
2019,suicideducky
2020,MrTHaggar
2021,nicsec
2022,Zenboy
2023,oniigumo
2024,carlamiller11
2025,Saber123316
2026,RobertK
2027,n0mad
2028,md5live
2029,jdurban
2030,aldoelam
2031,gavster
2032,zedcuk
2033,topnotchhoe
2034,GeekSquadSF
2035,junkh3ap
2036,tpickard
2037,ChrisC
2038,bubba
2039,donna
2040,neotrace0
2041,shilpa4nsc
2042,hackers420
2043,KenK
2044,chip
2045,thecount
2046,3pzi10n
2047,Greedo011
2048,leslie
2049,Vexandsiolence
2050,LordKrats
2051,Abdul
2052,hiro
2053,dawebb
2054,PreferredUser
2055,AJBurkeen
2056,LinearNetworking
2057,dababyboy3123
2058,gascoin
2059,FaqMe
2060,Pasha
2061,palito
2062,mshamy
2063,M3MN0CH
2064,smauro7070
2065,kkk_san
2066,hasslehawk
2067,Fascination
2068,a21duffman
2069,todo1979
2070,blueshift23
2071,jackjackson
2072,lamberta
2073,ctendell
2074,Blah
2075,lishiosyday
2076,chennemann
2077,Colonel
2078,Wixxer
2079,Xperiment
2080,musikukol
2081,jgohil
2082,bowerbird001
2083,Faero
2084,Skinner_au
2085,c0nsiderate
2086,amine1st
2087,scarfays
2088,braxivamov
2089,Chococat
2090,whiteh4cker
2091,jesseutsa
2092,ygal
2093,gradgrind
2094,JustStartingOut
2095,kingjim713
2096,Verojja
2097,secdef81
2098,23ant23503
2099,Dave
2100,necdel
2101,myaccounts.s0
2102,ghosttrial
2103,samsung
2104,anotheruser
2105,penetster
2106,Darkstar
2107,techtonic
2108,tomovboyan
2109,randallcone
2110,XgggX
2111,SEC_JUNKIE
2112,anderson007
2113,ozan
2114,stunted4800
2115,drzillman
2116,Tiless
2117,awalli6i
2118,sysreq
2119,linabritney
2120,mavinone
2121,StableHand
2122,blath
2123,kjung
2124,TMS
2125,kevsm01
2126,KSE
2127,Akolyte
2128,4eyedgenius
2129,daydream
2130,EH_ALJ
2131,captainbli
2132,dzorn
2133,JordanJae
2134,eliasvc
2135,savingpvtryansdad
2136,bri_dev
2137,gr0m3tt
2138,gregjack
2139,Ishmael
2140,micr0ventur3s
2141,pomi
2142,alexbariv
2143,hillbillynerd7
2144,Steve0000
2145,Petticrew
2146,jackofspades
2147,MsRefusenik
2148,Hoffmann
2149,MattP
2150,Animus
2151,dubido17
2152,NIX
2153,rg617
2154,ryan14
2155,cmdsync
2156,barksdale
2157,hack_that25
2158,silvercats
2159,wiseguy1
2160,nadeemvirk
2161,amdinside
2162,malvara
2163,Joe Simple
2164,advsureshkumar
2165,colb
2166,mynamesgeneric
2167,mikeypsycho
2168,natv
2169,strana
2170,DeltaMacD3
2171,LittleBoy
2172,securityfreak123
2173,mamta93
2174,rsmudge
2175,psimoes79
2176,scott88
2177,desperateX
2178,DNStrails
2179,exeglitch
2180,disenchanted
2181,ChrisLaz
2182,DeltaSixOne
2183,psifertex
2184,Adhavan
2185,ledieu
2186,TheCrackerBox
2187,MMcNelis
2188,Porter Carey 423
2189,secureyour.it
2190,sh3rkhan
2191,metallhead
2192,LaurenatOxford
2193,robert.rzad
2194,dludenar
2195,ggeorge
2196,newbie101
2197,meeas
2198,Computerpo
2199,ilduce
2200,fly_high
2201,Tagz
2202,Turb02
2203,Agentcalaver
2204,Ronnyleonard
2205,amccune
2206,axm80
2207,omegaflare
2208,kevinsmagh99
2209,pheme
2210,N_OP
2211,Sysman0123
2212,lostrogue
2213,bbel121
2214,matanddie
2215,M8E1
2216,jnchu
2217,sooriyan
2218,magicm
2219,yomchi
2220,CybridStorm10
2221,TheCharlesBronson
2222,darkage
2223,ender02
2224,the tech
2225,nxt_tm_plz
2226,eenkooboos
2227,ErudIte
2228,Peterx1
2229,Peleus
2230,Pazzie
2231,jasong
2232,Fai365
2233,Akratic
2234,whitehatt3r
2235,shadow
2236,AFENTIS_Forensics
2237,tnoob
2238,HellAdmin
2239,d3v0t3d
2240,madeyes
2241,M4v3rick
2242,NoobQuestion
2243,omalpas
2244,nar1y
2245,w00tburger
2246,venkatrao
2247,uBlast
2248,LaciFalor
2249,le special
2250,lucif3r
2251,VipHaLongPro
2252,pwntoken
2253,ninjaman
2254,d3ad7rack
2255,sdk
2256,SecurityHeadhunter
2257,morehn
2258,napdragon
2259,wiredguy
2260,hackersmooth88
2261,digitalwhispers
2262,Laura40
2263,vg0uxdr91
