0,akhilchalla14
1,trouble148
2,H4RDC0py
3,hazard74
4,Cyberhawk
5,astroboy
6,Mr.MaGMA
7,cons0ul
8,ilnli
9,sec0day
10,steve_ron
11,@xboz
12,mohseen
13,JWWbandit
14,SudoRooter
15,bobsakino
16,rs3873
17,ashish771
18,Qnoiz
19,lordhacks
20,riramar
21,amutu
22,asiatic
23,Rahul
24,disclosure
25,tarkan2013
26,dentinox
27,ziolity
28,aixeiger
29,susan
30,ImDone
31,fame
32,aalina
33,ukilliheal
34,Musa_bala
35,Jolt
36,max3no
37,heikedx
38,Ghost
39,hp872019
40,zerocool
41,Darrell E. Bradford
42,techne
43,therohan
44,Ofeyn
45,k9t
46,Securex
47,pr0tect0r
48,lamhoang100
49,nC3rtaintiy
50,manucuvia
51,satishb3
52,Parshu_Ram
53,ejoker
54,notsosecure
55,vkbugs
56,primer00t
57,MaryLee
58,learn4ever
59,Ankit
60,HannryClinton
61,Scorpions
62,Darwinblaine
63,jain123
64,yadhukrishnan
65,danger_dog_37
66,d4rkd4wn
67,sleepy99
68,whatl0ol
69,r3k0hu
70,LukMr
71,bkc
72,Cory Marsh
73,Whenilookatyou
74,Fist
75,goldshlager
76,vs4vijay
77,barrlabs01
78,BagiraMogli
79,redred
80,vishal
81,sachinbatt
82,zakk
83,HereIsJonny
84,raniannu2012
85,sohil_garg
86,7and0m
87,karthik
88,hrishikeshsomchatwar
89,gwocnigeria
90,elitneo
91,skorpinok
92,danny0085
93,ebay1235xx
94,manoj.saxena
95,pialfg
96,hunker
97,r3dsm0k3
98,hello
99,rufusshinra
100,SNT
101,MrANDERSON
102,Narcissus
103,Misty
104,pop3_zxcv
105,silentph33r
106,r3b3lr45c4l
107,4vk
108,ajaysinghnegi
109,AnArKI
110,arunkumar1
111,koshti25
112,abhay
113,h3xc0deR
114,r00t.n0p
115,alonzoo
116,lovegameflash
117,HACKBOY
118,Bahiri
119,sh0bhit
120,r0B-O
121,remoras
122,[s]
123,pseud0cod3r
124,i-Hmx
125,chirag
126,vi34443
127,costlier
128,markemrich
129,xrzldx
130,MrX007
131,anantshri
132,The Dark Prince
133,Sorcerer
134,nop
135,nagpradis
136,p3N7ub3r
137,zackblue456
138,sandeep
139,RingZzer0
140,Learner
141,cybertron9000
142,SpiderWave625
143,tobiastiat
144,xedi25
145,sh3llc0d3r
146,oyeitsme
147,s4t4n
148,amalmurali47
149,CybrJolly
150,mariyamjohn
151,swissfondue
152,dotcppfile
153,exccc
154,b1ackzer0
155,subhuti
156,c1ph3r
157,k427h1k
158,ariez_coelz
159,kiraak
160,H@CK3R_ADI
161,sebas_phoenix
162,c0d3inj3cT
163,proximitynirvana
164,nullbyte
165,xsol
166,Deepak Rathore
167,3thicalnoob
168,ht2ht
169,stmh
170,Huskygold
171,hemanthvrm
172,Rashid bhatt
173,jippy756
174,TheEvilSocks
175,D4ng3r0us_Idi0t
176,legend
177,mayjune
178,Essyweb
179,stamguy
180,abhijeet
181,karniv0re
182,41.w4r10r
183,r@zz()r
184,madeway
185,g-man-rocks
186,r00t
187,ASHA41
188,groupflexi
189,newbhack
190,technocrat
191,MohitC
192,zeeshan
193,r007k17-w
194,xyr0n3r
195,parthiv
196,aditya
197,that's_all
198,JayKIM
199,yinsain
200,A003708
201,the dark hat
202,basgal1982
203,links123
204,im4x
205,stephendavion
206,Mark Doyle
207,Vrajesh
208,@xe0r
209,kanoor
210,alb0f0x
211,sneha
212,1qaz2wsx
213,ParniNair
214,theMonk
215,haxor.sree
216,EmmanuelJohn
217,Shelesh
218,Omega
219,br0wn_sug4r
220,iadityavamsi
221,Null Chennai
222,__Yum__
223,GroundZeroSummit
224,smackdown
225,Pradeesh
226,invarunvar
227,Mustafa
228,watergal
229,blankcart
230,mr_rulez
231,Jeanbat
232,m0nna
233,raiz178
234,mirchi
235,"""vinnu"""
236,Mr.C1Ph3r
237,r00tc0de
238,sniffer
239,skillednerd
240,raviraman
241,scrat
242,4bh15h3k
243,Classic404
244,itsmeRiF
245,warres
246,w3bd3m0n
247,Azumah123
248,c0d3m@st3r
249,AN0N.PH03N1X
250,dan05
251,mylife2
252,kurumi
253,x86_g
254,Invincible
255,vedantb
256,crusad0r
257,nikhilesh
258,digitalyatri
259,i.am.legend
260,mond123
261,zub1n
262,hardik
263,G3n3Rall
264,brut3f0rc3
265,cruxy
266,cipher
267,exploitinc
268,Hexacker
269,e4gle
270,pulsater
271,yashpatel
272,Rahmansyah ZAZG
273,purplex
274,klausmmia
275,TuRtLe
276,kvbhai
277,muttaqun
278,tunnelshade
279,Thiru01
280,Alkapone
281,ultimo
282,Dennis
283,Techni
284,leelad03
285,EgyptGhost
286,parveenyadav
287,leganza
288,1.4m.1nd14n
289,Joyce Joseph
290,/dev/rohit
291,pol2.0
292,Vannelle
293,alexadam1212
294,asher72
295,sunnyrockzzs
296,Freaktechz
297,DiabloHorn
298,BlueEyedSamurai
299,maanav
300,florindarck
301,nikex
302,omarb
303,pragyaware
304,yasser
305,apvkt
306,TPAKTOPUCTA
307,ScotianCS
308,natiahc
309,laven
310,hackethis29
311,Alexbait
312,msankith
313,blAnk_pag3
314,whitec0n
315,StNightmare
316,keirawatson
317,a80b
318,v0dga
319,eXpl0i13r
320,eof
321,BlackhatSociety
322,phillipmiller
323,amigo_kr
324,jonaslundberg
325,KARG2
326,asadkhan
327,world wide web
328,jerrybarker
329,Dr_Sk0rpi0N
330,Coeus
331,orvillecliche
332,m0rph
333,Prabakar
334,blazehack17
335,gahac
336,Tomasuh
337,liyw
338,sniper
339,Awah Mohamed
340,ZeroBoy
341,m4x1mus
342,adomen
343,Alien
344,Optimus
345,geeknoob
346,vietnamstyle89
347,Edwin
348,alomgir140
349,s1ayer
350,karencho
351,johntarry
352,toughway
353,bobedward
354,macdonistic007
355,jimmight
356,jkk310
357,«Speed|Light»
358,Clu3ter
359,bl4ck0ut
360,diana
361,wangzi
362,v01d
363,worldblackstar
364,Saurav Mishra
365,baltoo
366,-JK407
367,manideep(z3r0 3rRoR)
368,BlackCherry
369,rigobertomaldan
370,DaNePaLI
371,rockway
372,friend4allofu07
373,Stella123
374,Coder-X
375,maskanio
376,swatantra
377,ozone007
378,Fevenius
379,Adrien
380,Konvict
381,thejack
382,Bl4k3
383,green
384,LostCoder Colombo
385,Anthrax
386,dick
387,JanetJ
388,whatthefcku
389,arunsivadasan
390,imransheaven
391,ms3z00m
392,-c00lt04d-
393,res1122
394,HWC
395,vinay
396,sanjeev
397,k4lk1
398,babloo
399,Punter
400,the_empty
401,madworld
402,cheatson
403,yawn
404,hambim336
405,CrimsonViper
406,AP4CH3
407,hackus
408,MrGrey
409,Inxroot
410,darius
411,Poppies
412,S0ftwar
413,sadmemories20
414,Hocker
415,ksiiitm
416,aditya292004
417,leeyn
418,oblivion
419,coding encrypted
420,DCJeffery
421,walkout
422,iamrahulsethi
423,devi01
424,Aodrulez
425,PK_2204
426,shubhamm
427,Kasandra Templet
428,s3an
429,webdevil
430,benda
431,tia.oberoi
432,DouBle_Zer0
433,machbio
434,sagar525
435,FireDevil
436,c0ld sn1ff3r
437,ryuk
438,how2hack
439,mk.h4ck3r
440,gullible_travels
441,sil3ncer
442,mavia_haxx0r
443,Malosky
444,rjtheindian
445,Er3bus
446,KelleyHoward
447,mytr32
448,neo
449,philiprambo
450,mandi
451,xl2explore
452,nischalsami
453,Manoj Kuchi
454,copoz
455,enlil
456,bistrebrown42
457,sathish16
458,hacklee0004
459,Pupper
460,ipsalonzo
461,codeur
462,podol
463,CrySys
464,RAi Jee
465,d4rkpr1nc3
466,naman
467,erum90
468,momoko1234
469,Luis_Santana
470,vaibhavkaushal123
471,kir
472,googlemi
473,brad000123
474,kaspian
475,krokite
476,nu_76
477,holdit
478,pointer29
479,atgakapitan
480,gameFace22
481,rupali
482,sree1989
483,Nancygar
484,lakshaydulani
485,edyquartey
486,Th3Initiat3
487,srikr5n
488,yaaash
489,dexter
490,john850625
491,40xc0de
492,_gwae
493,dividebyzero90
494,p0l1s33R
495,petr123456
496,r3m1x
497,prince_indishell
498,Sh3r00n
499,globus
500,xsxs
501,manishi kumar
502,jinTao
503,garylewis
504,d4rkpyth0n
505,pete_the_ram
506,k00l
507,sabriaortiz
508,dizzydaz
509,jimmy
510,_s4
511,rajat
512,indianpentester
513,sonsofanarki
514,rjcrystal
515,Улыбайся
516,Tranquiller
517,PurpleDaze
518,kathik
519,DrakeX
520,Shakeel
521,Tigerlaser
522,Arunpreet Singh
523,DarkGhetto22
524,MissJoJo
525,cyberd0ny2k
526,Vydeesh Cherry
527,nobita
528,sashweer15
529,JOSSY JAMES
530,labrat
531,ranx
532,Dragon Hell
533,karthikp
534,yooooo1089
535,pr3dat0r
536,Pr1x
537,pin0cchi0
538,soul301
539,p1ngv1n15ed
540,kata
541,0x8BADF00D
542,j4ck1e
543,chicken
544,janus
545,Gianmc
546,jack sparrow
547,dante
548,breath
549,maximus1z
550,pirate_me
551,haxor666
552,txsniper
553,aman.kumar
554,ari3l
555,e.kabarie
556,d3c0d3r
557,99h4x0r
558,gha3m
559,cool
560,Victor 'Vicky G' Gatto
561,anoti
562,b10269201
563,Th3 RDX
564,IRFn1nj4
565,Ratchet
566,iwm
567,mustberascal
568,securespace2012
569,unknown
570,akki
571,vm666
572,jilt
573,logicalsecurity
574,avi
575,Hackuin
576,airhack87
577,Globz
578,Enigma89
579,cramfs
580,sharkezo
581,Faffy
582,blackcobra
583,kolaz
584,chu082011
585,saheet
586,bheemamahesh
587,iam0k
588,acr0n
589,Scamentology
590,itstweet
591,dummywala
592,heitor
593,cybersec.explorer
594,darkgoth
595,hackinglife
596,Anant Shrivastava
597,mkonakan
598,77771
599,sheller
600,vikramjadhav3000
601,pulkit
602,meet.vivek4
603,unixfreak
604,Alpha
605,hack3rt0m
606,Master
607,x0rcist
608,SecurityFreak
609,vaibhg
610,materaj
611,ChrisHackabusi
612,marc_kriss
613,nbk666
614,Mayank
615,unkn0wn.0x1337
616,rjayaswar
617,beenu
618,blake_1
619,asli33
620,ZVS
621,sumit
622,r0f0
623,gholoom
624,IncludeErik
625,crazinani862007
626,stiverrom54
627,tua022012
628,YogeshKhatri
629,devilrav
630,Deep Matta
631,lisa
632,arumugam
633,Parthi
634,Maka
635,Sopan Kaushal
636,zircanavo_abyss
637,saicharanp
638,johnfernandis
639,yhi00
640,ashish kumar
641,Boris
642,h2a3r2
643,Mathew Manoj
644,zenlok
645,c0dist
646,xenvito
647,GroundZeroS
648,netset
649,blackphoenixpt
650,ts.dama
651,Bozua
652,10function
653,ITloc
654,$K2$
655,Elle
656,moonninja420
657,Crim3R
658,dumorgoo
659,Stambolic
660,ronaldfernn
661,lostnovice
662,Debug
663,goron
664,Bender
665,Белый флаг
666,rout3rx
667,DoggyStyle
668,eliza.rr.liu@gmail.com
669,ddef69
670,shuura
671,Tigerboy
672,lkurrt
673,hrdpgajjar
674,Cythes
675,corrupt.head
676,AnonymPH
677,Krishna
678,vesna23
679,allowmymail@gmail.com
680,mabool33
681,tripple
682,kopele5
683,rebeccazoly
684,JKPlayer
685,steeve154
686,nishant
687,Noter
688,paraghack
689,fmarion
690,jazon23
691,sssv113
692,whiizgeek6
693,patate49
694,vagbr
695,dasanhuanu3
696,lpt129
697,principal
698,local{g}host
699,monkey
700,vineee123
701,Maciej
702,Viagr4
703,virender
704,olderchurch
705,Cecil654
706,firesail
707,indsuraksha
708,shikhar623
709,cixin
710,us3r9
711,Seema13
712,hakooraevil
713,adeayo
714,wlock10
715,shiyashamsu
716,metahuman
717,bonekcok21
718,spirited_wolf
719,prakhar
720,FullFantasy
721,czapka
722,arjay
723,plage
724,winsoc
725,darkaura
726,-vLaD-
727,Neel
728,loveurcountry
729,WeTheGuardanS
730,Brian Hudson
731,ashutosh.jain
732,shin3r
733,prince.indishell
734,Abdul Wasay
735,Jaydip
736,HackXBack
737,dictator
738,s3ri0us
739,linchen
740,Anurag Basu
741,Kernelcop
742,pik4chu
743,null0
744,falgun
745,cybercop
746,hender
747,b0nd
748,fravarski
749,Ekomonchiwek
750,no17
751,otech
752,abionic
753,tsuiyeng
754,cyber_elit3
755,Fishiee
756,kriss332
757,undercover_bro
758,THEBOYZRULE
759,Mohamed Ramadan
760,zanbizi
761,mayank7651
762,riniancy
763,PR4NK1
764,prashant_uniyal
765,whizzy
766,ashley surikov
767,mocnimis
768,Immaturedevil
769,yuvraj143
770,Copyright
771,reborn
772,Abhi_27
773,abhaythehero
774,hirap1234
775,Zavdieli
776,Atiq Anwar
777,amolnaik4
778,Godwin Austin
779,Sandleri
780,Martin X
781,theyouthexpress
782,rishabhd
783,crashov3rburn
784,linpen
785,avidengineer
786,micr0
787,MikroTik
788,technokratz
789,rajivdh
790,roccstar2
791,jigyasa
792,spidey
793,Snypter
794,veigaxu
795,Storm Aiden
796,keval_domadia
797,Reubsn
798,Praveen
799,Kasabiian
800,fb1h2s
801,joannaparker
802,sunny24m
803,victoria stiles
804,iaMsEo2011
805,nilead2014
806,malindo
807,blackaxa
808,600009
809,shipcode
810,aaliyahsharma30
811,K$amster
812,jaidonmitchell
813,Crooks.Aiden
814,shashankkulkarni
815,Emma111
816,aidan01
817,ph0b0s
818,neogreyhat
819,D4rk357
820,France
821,newbe
822,matrix186
823,Ignatius
824,carlos2000
825,Pinger
826,canino1997
827,Bakumdo
828,phpdecoder
829,Davi
830,titangtc
831,amebb
832,akshaya0417
833,TinCode
834,izlesa
835,john4tech
836,onfire5278
837,labba
838,dolittle
839,tunnie
840,zazza
841,yogesh kashyap
842,noobeera
843,poojadreams
844,d0rkw0rm
845,r0ot3gt
846,Area51
847,spearhead
848,4sbaf
849,gvozdeni
850,BinaryCode
851,mahdi
852,freddd
853,pitb00l
854,WojciechBusz
855,subrat.sarkar
856,rooski
857,mobiltech
858,ner0
859,eian01
860,Prateek
861,Uthacks
862,7h3rAm
863,revsec
864,acutev6
865,adsk_responder
866,garage4hackers
867,gnix_
868,googlefahmi
869,DiLiBau
870,Lostmon
871,w@rri0r@bh@y
872,PoURaN
873,crisit2008
874,lol
875,GenesMan
876,n3tt3rz
877,eugenius
878,None
879,bursihido
880,Laurel421
