,username,forums,count
0,Fascination,"['htt', 'eh']",2
1,GoldenSunKing,"['htt', 'eh']",2
2,MaxwellSmart,"['ws', 'eh']",2
3,Oceans80,"['htt', 'eh']",2
4,Power,"['mpgh', 'htt']",2
5,Rafales,"['ws', 'eh']",2
6,Schiz0id,"['htt', 'eh']",2
7,Securex,"['htt', 'eh']",2
8,SephStorm,"['htt', 'eh']",2
9,Tony,"['oc', 'ws']",2
10,aabee,"['oc', 'eh']",2
11,alan,"['htt', 'eh']",2
12,blue_hat,"['htt', 'eh']",2
13,crucio07,"['oc', 'htt']",2
14,dedspeyd,"['htt', 'eh']",2
15,hackster117,"['htt', 'eh']",2
16,jedi22,"['htt', 'eh']",2
17,kapila,"['oc', 'htt']",2
18,lsekken,"['htt', 'eh']",2
19,nxbxdy,"['mpgh', 'htt']",2
20,pjayes,"['htt', 'eh']",2
21,rawa1416,"['oc', 'htt']",2
22,ry4wn,"['htt', 'eh']",2
23,test,"['ws', 'eh']",2
24,tornado,"['oc', 'eh']",2
25,undefinedparameter,"['oc', 'htt']",2
26,v47093,"['oc', 'mpgh']",2
