0,ninjasound
1,ARCTIC
2,asd956956
3,Limitless99
4,Hbblike123
5,okdo12
6,wilder333
7,J0ggerino
8,HighInTheSky
9,MisterStealth
10,BePavydoScenu
11,Eustia9056
12,Keiyi
13,[MPGH]Matthew
14,Edible Cyanide
15,coldfire716
16,CrypticMods
17,Rudol Von Stroheim
18,TombMovies
19,[MPGH]Lily
20,carola2145
21,nicksellingg
22,Lavampire
23,screwthissite36
24,quesero
25,phj280600
26,superlars49
27,Multicol0r
28,mr.czar
29,ImThrowingMyLifeAway
30,seiafoa
31,hsnvz
32,dantecanceru
33,nevermind
34,geraldultima
35,Automicbomb
36,ze1lek
37,[MPGH]Allura
38,slavicbanana
39,kieranbob1
40,Br3AN
41,DaemonXyrnys
42,mandoox
43,Jhem
44,Rose
45,xcrazy9999
46,HALOS117
47,glory128
48,`Jess
49,spotgold
50,raside295
51,[MPGH]Shadow
52,Roxini
53,albinorhiino20
54,xendy123
55,kutzki
56,izulaufa
57,LoudJaguar
58,bou
59,dino135
60,almondsHF
61,ChickenTrooper4
62,TheMumrick
63,TehJack
64,xtreeme4ever
65,VEDDEV
66,chacha13
67,Lupin
68,Glitz
69,noob_seran
70,xXx_SilangX_xXx
71,Mizzle@_@
72,Whiskey
73,proeggby
74,DankMemes43
75,The.Businessman
76,BigGameTrading
77,PASKILOKO
78,Halilaqwe
79,xSilva-_-
80,Maxmut96
81,ther3y3s
82,SeXZeFPS
83,petardascom
84,Tommy Chill
85,SchooolBoy
86,NateStar7
87,csgohastyb00st
88,AkulHax
89,ikme
90,kobman1150
91,Tahakhan
92,Rob Men
93,pizzajim11
94,Youkkix
95,[MPGH]Dab
96,zoneR
97,FuYao
98,Chauns
99,uMc
100,prblmchyld
101,DAMNHUMBLEDNA
102,Kingsisbe
103,CIKOMELANTIK
104,Hasakynama
105,StarDust147
106,[MPGH]Liz
107,RobertCaton
108,ReeceDaBeast
109,Skyy | GTAV Money Drop
110,Digital
111,Fregi
112,stealthypotatoes
113,Mknight1215
114,ErectJedi
115,Designr
116,nanostray2007
117,randompieguy3
118,nullb0t
119,devilcrazzy
120,Daenerys
121,[MPGH]Hova
122,ect0
123,lucellent
124,ravo1965
125,1Shack
126,equertez
127,techknowlogy
128,Xenon~
129,Gixxer
130,Predator
131,[MPGH]Psychotic
132,WiggleMcJiggles
133,TSMBjergsen
134,riond
135,[MPGH]Hero
136,ca5566
137,aku
138,JojoPvP
139,lonfar
140,Pixeltwoplease
141,imworms
142,plainjme
143,Intel-.
144,NomanGaming
145,Quake3Rulez
146,SirRubish
147,Haprexer
148,AliTraokath
149,Thompiss
150,xNic
151,ZOODEN
152,SecretPigeon
153,mchqeen12
154,NTNdesign
155,Diaphos
156,mobster1221
157,Sean
158,Dama
159,MathiasBro
160,robertcool32
161,Riigged
162,Usama Hassan
163,Evixis
164,caze2
165,Raynox_V2
166,Dynasty
167,AntonUnverAccounts
168,Zenith
169,chozen
170,ibQ
171,a idiot
172,LimBizkit
173,SteelWing
174,Btc.
175,Dumzid
176,Pikckyy5
177,Sweetmamajane
178,stefan2912
179,Mrlovercreepypasta
180,Cyruus
181,MOSTAFA SOBEEH
182,Disturbedmx
183,stemac
184,System32ita
185,HelixShop
186,dipdap
187,Skips
188,Lil Pump
189,hazxoz
190,MistahChuot
191,asamortal
192,Binary
193,Doedelz
194,Stone2405
195,Izumiii
196,ewrc
197,fazing
198,DeviousDemon
199,FalconPunchQ
200,XiphoidGaming
201,vendoaccount
202,xpertraccoon
203,yawo
204,kuhje
205,russianimport
206,DeadlyNinja
207,mr.koenigsegg
208,Duck3E
209,tanner1031
210,ZombieT
211,ev0lution
212,Lui1995
213,poprop12345
214,[MPGH]KMWTW
215,loln007
216,romario10
217,Rainbow_Man
218,formerglory
219,easyrefunds
220,plaztic
221,sorel57
222,woxd
223,LopplioGaming
224,KGV_Elite
225,Excide123
226,andyframpton
227,Kyruga
228,mikudze022
229,Midnight356
230,youaregayguy1
231,surronix
232,OnionX
233,iggi95
234,Momo
235,FuelPhantom
236,m9m9m9
237,SaiyanG
238,DevilRotMG
239,bitfun
240,SDjngers
241,marczOMG
242,Tony971
243,torontokevinzhen
244,thatbtcguy
245,sanku
246,qds56sadui9a
247,sneakyllama123
248,fagner3628
249,neithyyy
250,BlazedPixel
251,FlashFlyyy
252,venderella
253,BettySsS
254,Koreaboy
255,Benji
256,RobbinHood1
257,RamoXO
258,niggo09
259,MCleozinho17
260,domsminic
261,MustacheNL
262,reppin
263,MrPerfect
264,MLCrafting1
265,NeonFlames
266,bigthotties
267,luis11220
268,020322
269,rulethecool
270,Cowstien
271,en3rgy_peter
272,marco60
273,Layarion
274,Shymbnv1
275,Cob Kurtain
276,Slimpandaz
277,tonk091
278,CYBERPVNK
279,worlockt
280,xoetirc
281,Nitrous_guy
282,Vauntage
283,deivukx77
284,SammyG710
285,DT007
286,RichardLynn
287,kamalthapa
288,InCognito
289,Coorslight
290,The Mad God
291,Syurito
292,[MPGH]Sean
293,Forbidden_Duck
294,Magnus1935
295,thoughtful
296,herp069
297,Manokas
298,austuhn
299,Astro
300,gauna
301,garbleflarge
302,kelvinthechamp
303,Xlean
304,Jurz
305,Sxrix
306,SoberStoner
307,Prajw
308,Bllush
309,cyber's shop
310,kiddion
311,MakeProfit
312,playoliverqueen
313,MiterL
314,Linua22
315,shockse
316,killercrak
317,saintrocco
318,Chitoge
319,TheGuy
320,Godsir
321,oBaj
322,DreemCakes420
323,YoloRobo
324,valak5175
325,[MPGH]Hentai
326,GUE$$
327,Hype
328,minhat1
329,kissmeilike
330,Pozzi
331,itemgg
332,RaidenA
333,j dub beats
334,Premium
335,ICCEDOUT
336,throbanksy
337,TrollzYT
338,kv226
339,PRBLX
340,etzeii
341,tekkensyo
342,blackdeathrider
343,Murda Beatz
344,[MPGH]Hell_Demon
345,Liox
346,kovapatrik99
347,3DMichu
348,TakedaOFF
349,Pandion
350,draganoid16
351,ReaperAlts
352,3TBANNNN
353,yungkrogers
354,az1138
355,Radian
356,Briyam
357,[MPGH]Smoke
358,kush239
359,RoyalSantiago
360,Uncle's PP
361,ZachErtz
362,[MPGH]Kevin
363,Oblix
364,Way
365,ezetuc
366,yzysply
367,maibuN
368,H4x0rBattie
369,DangeBlazer
370,lars_vdv
371,lekpoly
372,AlexR55
373,TheFlawLessTemp
374,quixotik
375,123456howard
376,jjjm
377,KiiRan.SN
378,CarriedBTW
379,DatGuyMoon
380,Prestomantee
381,Rorosu
382,Vitaminsurge
383,Jason9095
384,hellcat2100
385,Cheever
386,Kickass123123
387,Flybook
388,A_Searching_Noodle
389,>w<
390,hardway123
391,Exemoonie
392,Horizon
393,[MPGH]MikeRohsoft
394,ogmios
395,ocutinom
396,shwazzap22
397,Sekki.
398,[MPGH]Ahlwong
399,Mynameisjo
400,AidanCS
401,WhiteOlives
402,IulianDmk
403,mysmurf
404,zhxy
405,Kia Kitty Cat
406,MTL2017
407,Milmisc
408,Eareland
409,DarkSinner1
410,cyberkid22
411,sgwerg
412,doxstreet
413,foulsj
414,matcso3193
415,SHYHM
416,TJB1
417,legalporno
418,Watterma0
419,ecafepyt
420,doyely01
421,Tegabyte
422,autismismynigga
423,eric89074
424,Jacon12341
425,Blinktek
426,Kimchi
427,dexan
428,pokerface1551
429,lakai
430,Copperhorse
431,Neeegaa
432,GrimmJow110
433,donstark25
434,Manny4Real
435,Breezeyou2
436,Bersteiger
437,[MPGH]T-800
438,epsilonxt88
439,cookiemonsta015
440,SmokingOut
441,[MPGH]meme
442,xDasEinhorn
443,MrSquiz
444,excelking
445,SilverDealer
446,ecweaasd
447,minichibby
448,M4zeBl4ck
449,scafe
450,Jaladhjin
451,Raviolifrom
452,syhms
453,jijee
454,Trollerforworld
455,K3nSh1n
456,bartard
457,Mordom52
458,Shoto
459,killon1
460,Bilster59
461,Donnie Darko
462,Miikato_
463,Vader
464,Jhon9999
465,JoPoh
466,Muhammed1333
467,ParallelOfficial
468,abiwayne
469,Weeknd
470,coolsv
471,kennyxyz
472,GhostBustar
473,suddenarrival
474,Dox619
475,techdude23
476,gaffox
477,Torpid7200
478,gemini1977
479,apolloakajosh
480,nyati55
481,AliceAndSoul
482,loops77
483,a total idiot
484,FlaxTB
485,TheGreatJMC
486,NulledSeller
487,kidcincinnati
488,iamalvinxd
489,pukemo
490,Daniel929
491,chriswg17
492,pacsac
493,dewanawhy
494,Doc
495,Amaan4194
496,Fliest_aladdin
497,MSDN
498,Chiggz13
499,Asgeirr
500,Kiddman
501,Edwarddaniel1990
502,atreagan
503,Xahtrac
504,Raw232
505,daansgame
506,Pakkr
507,paulwak23
508,bitcoinboss
509,dominikgottwaldo
510,naruto212
511,keysoreyezGM
512,Watm8
513,[MPGH]Dave84311
514,zafkiller
515,EvoPush
516,FluffyPopTarts
517,NightView
518,LordMeliodas
519,gaminggoose
520,CyberPunkFizz
521,-Love
522,Doofenshmirtz
523,Duzakh
524,TheLeeSin
525,G. Bear
526,Tuftakyufta
527,Bernard.
528,Euphemism
529,Pinimbi
530,xkokorenx
531,anpena24
532,gtaboosting
533,Artus11
534,MrGotsSkillz
535,Worthlessness
536,LC303
537,yabno
538,Spufic
539,kaynet
540,The Only God
541,Grimon
542,weeblee
543,Lycanon
544,jromweethee
545,SpecialRDP
546,Niggawhat9
547,flamingelite
548,iProne
549,Mr Oblivion
550,zombie443
551,MrSamobo
552,Skysrise
553,StarkDesigns
554,Abzstarplayer1000
555,Lost In The Universe
556,ownage1231
557,YakyToto304
558,rodit
559,RazorSkillz
560,PerfectDOG
561,redionas
562,zcashfut11
563,v47093
564,TSCHyperNova
565,vin2two
566,popkag3210
567,minon3993
568,Devention
569,largore
570,laikan892
571,madman_H
572,varld
573,oscarfairtex
574,fornicatorr
575,Heathrig
576,Oriigin
577,Physxcz
578,SoulZZZ
579,boscar
580,HpRizMp0
581,jimmyxz99
582,RyudeMS
583,sameena553
584,THEMIGHTYTHOR
585,ala1104
586,Hanshot1st
587,yuncols14
588,vegasjay99
589,madican
590,LustinusGOAT
591,DreamWolf
592,young_mane
593,Frezzey
594,Damial
595,vorak6666
596,Cotton
597,Mr.Par3
598,MTOKA
599,LotusPurple
600,Aventador46
601,Everyone's Sheep
602,The Real DethStrike
603,hamitcagdas
604,Chupika
605,FeelAlive
606,LostSoulVII
607,coolguy1108
608,iluvhex
609,Cutpurse
610,hit_jiller
611,Callie
612,lala1234567
613,adamdaten
614,Recon.
615,GDL_SERVICES
616,Cactus10
617,assad1992
618,Destiny
619,Maschendo
620,KlodMone
621,Gaar's sheep
622,ZeuxxAlt2
623,KekkeTex
624,ciiniimo121
625,kerim16
626,farizace99
627,bronze900
628,richchiggauprising
629,oncagey
630,Rex1337
631,Ryyx
632,NoobierNoob
633,kiwi5
634,koshinator
635,Cursed
636,mikenike500
637,SomeRandoNoob
638,ixfingerzxi
639,Crowley
640,[MPGH]js1337
641,techkingse
642,hurrdurr1337
643,trhtaaf
644,Dextario
645,dumita123
646,Zachary
647,[MPGH]Eoch
648,Airsnae
649,adndv
650,Ray
651,deschu
652,Lawfulaardvark
653,bielcantes
654,free hugs
655,raid13
656,Skylineded
657,Deondixon
658,xported
659,egesefer
660,ilhamepri
661,Tahvy
662,DildoTheCloutGod
663,twohpower22
664,VGmagic
665,Biney
666,Lassadar02
667,vadbox
668,Burnaby
669,PizzaPeter1998
670,Cloud Anarchy
671,Don Coderleone
672,Aurase
673,fer112233
674,bigshaq040
675,toocoolforschool171
676,PimpMyServices
677,Pyromancer40
678,Hyper ELO
679,rotrigotri
680,fkoc19
681,crazytitch
682,[MPGH]Royce
683,alfernee29
684,MissCury
685,Monstercookie
686,bojicha
687,oKIRAo
688,sptoko
689,GE3
690,joshdeanc
691,earlyu
692,ezgaminglogan
693,vavejnm
694,hashy
695,Asana1337
696,hq!af
697,MyDankPotato
698,ClenchMoose
699,snaplabs
700,steve40
701,iurijw
702,punk999
703,siferunderscore
704,tarasse95
705,T0M CRUISE
706,An3lka
707,Kaiyser_
708,Sephirofl
709,Food
710,kwjaho
711,el_lyncher
712,kristupas0909
713,Fakestabyte
714,kadzuta1337
715,CrazedDell
716,OGSB9353
717,jt46579
718,heyomi
719,Captnhowdy3
720,Snapchat88
721,Xanaxey
722,massy12345
723,iTyrannic
724,hackedgamer24082003
725,maanlicht
726,Mew
727,vilasiri
728,bingojay
729,terence333
730,gamecsw
731,BLURREDDOGE
732,freyasmith
733,Detrois
734,13reast
735,dafda01
736,xJaaaaam
737,astron51
738,quickstirke
739,dongerdodger
740,The Typhon
741,DanielEdry1995
742,Nityn
743,CaptCrunchy
744,austinmrs
745,knaagen
746,imbasu
747,Recigy
748,cmyui
749,thekinzae
750,ccjanjancc
751,HHubs
752,ImDaWorst
753,sora5yang
754,Waiji
755,tribopower
756,Afif Matoussi
757,zerogravityzzz
758,pstopman
759,kevin10522
760,Buddha-
761,Castro_
762,acunanan
763,botter_123
764,marxxA
765,ReVverzZe
766,newpost
767,lad0s
768,KrissNC
769,hackr9
770,dsa100
771,MoeCream
772,Trairinha
773,sandson87
774,mbribanez
775,MManks22
776,Inori69
777,stichbash
778,karl-police
779,TobbePG123
780,a10710672
781,King Qualities
782,dubdi
783,Sp1nalcord
784,FinestCake
785,Freeze002
786,ThunderSalesHQ
787,hlv_andy
788,Harrison
789,issouissou
790,Tae
791,Simonmas
792,CharlesFTWz
793,r1vals
794,call911plz
795,420delivery
796,CSGOSTORE24
797,iamddash
798,Cherry-
799,Tanjidin
800,itzsheng
801,aimbot100
802,dsjai
803,jopa222
804,Senerdar
805,unicornba
806,cassiebas
807,SmurfAhmad
808,OBLADAET
809,ptpots
810,fakboi123123
811,College Credentials
812,heeloss
813,danangdarkos
814,copter69
815,DarkStar_
816,aatroxzenistar
817,edelbims
818,Wolfpackkk
819,spinmadi
820,Yukihira Soma
821,Jerdelicious
822,trrr3
823,Jenkis
824,interact1
825,badies
826,sj44kie
827,whatsitoya1
828,minhvu12
829,JayLin9
830,IIDKBoi
831,Skylaki
832,CSstop
833,CrumpetTasty
834,cuhris
835,Master_epicz
836,Same0ldm3
837,dobyf
838,SmurfStore
839,PaydayLOL
840,Capedark
841,ASDlkjadslad
842,Adsero110
843,sailjonas
844,Laufknoten2
845,moin54321
846,MargotRobbie
847,Nismz
848,Justin
849,Hacker Fail
850,Mr.Potato77
851,OfficialHVI
852,shauny321
853,battlerme
854,BTBLEADER
855,StephenRotmg
856,Erotic Sensations
857,harder than you think
858,Mkiller77
859,ExploringTEMP
860,SsEluxX
861,jzargo46
862,uppwind
863,Academy Awards
864,miamidreams
865,Wackiest
866,thews89
867,Juzhero
868,dapreshen
869,lilink
870,steam395
871,vyktorjonas
872,+III+
873,DJEZ0103
874,fitnesspro
875,flopy2019
876,maximon555
877,kuboo53
878,sakubisu
879,SweetIce
880,Neverthelesss
881,pinxer
882,Vipboomz
883,Bigboy_03
884,starkman123
885,RedDead36
886,0x28
887,Gummo.6
888,Minarito
889,WhipReelGood
890,taterzNcorn
891,RappeMods
892,WeeklyCupOfJoe
893,Couterelio
894,CatyJones
895,lmeoo
896,Kalinka228
897,CookieHoodie
898,Burning_Man94
899,fOrube
900,TexPriv777
901,Riggan
902,IFunkedUp
903,Maycomlucas000
904,Phant0mx
905,Cortana
906,piasraspear333
907,dhafidhaf
908,Gelatin-chan
909,GHOSTKILL190
910,witherbro
911,Max4494
912,Xpoz
913,Archx64
914,Establish
915,Royston00
916,keyfyou
917,kab7005
918,Valdamerca
919,IHackMadBro
920,Cruel
921,Sinless RP
922,maxmaribo
923,Stich22
924,mohdzarith
925,ZPepSy
926,unit098
927,Stucked1995
928,LegitCheatingSIKE
929,Sami643
930,pausham
931,Limit Power
932,ZENEXIS
933,[MPGH]Raple
934,4x4et
935,cresuna
936,Frondus
937,InfiernoDeBala
938,focamonca
939,tabo.o
940,karizma4202
941,TheAngryPanamanian
942,RunUpTheRacksBTC
943,govageke
944,robloxmaster123
945,ImAGoodHacker
946,philipovrell
947,Narray
948,OGwolf
949,ximpluse
950,StonewallRL
951,WorldWideTV
952,RokuMLG
953,yob222
954,Sheenaynay
955,taariqamozilla2
956,Poloclub
957,Zyczu55
958,angieware
959,Trol553
960,Ryan1g
961,AMentalyAwareTriangle
962,Fire
963,The Wonder Woman
964,darknessl27
965,LadyMappy
966,Tabrom
967,SOYPUTO
968,Stooshy
969,Sav Eg
970,renatox95
971,Excuseme?
972,nysztory
973,hackandmod
974,fat951129
975,DarkLordXYZ
976,Vendetta
977,Bowszy
978,cameronhhhhh
979,rjsah258
980,bantons
981,DeanyBox
982,anonfoxer
983,gayweeds
984,uglabo
985,henrycahill
986,beHonestly
987,yuvilatel
988,Tigerdavid
989,Ronny
990,AeonVice
991,TheReasonWhy
992,pbb2k6
993,SYMMIJ1
994,BrotherTheros
995,[MPGH]Flengo
996,chopchop75
997,mrhonda123
998,erolsultan
999,Koreangumibo
1000,Jojo B
1001,cool mikael
1002,jeanpaolo14
1003,slauders
1004,asdfland
1005,Enforcer32
1006,dropthebass2
1007,Adventrue
1008,doremi007
1009,jaros18067
1010,tisoynagwapo
1011,Gassedup
1012,armand90
1013,FatAttacked
1014,mfdoomer1
1015,Chrisredfield20999999
1016,kajmak123
1017,Dubya
1018,jaybirdhasbeenhacked
1019,danthemanrss
1020,RahManJunior
1021,isosplz
1022,Youtoij
1023,Reckless_Rider
1024,RyaN1076
1025,Kelly
1026,Inappreciation
1027,StrikeZz172
1028,Nicky62
1029,Ch4r0d3y
1030,osanmx
1031,gamming
1032,masamasa
1033,5rBo6
1034,fkingtomatoes
1035,assassincat
1036,lazysadric
1037,Incr3dible-Thor
1038,mohamedans
1039,EmptyBoxxer
1040,iCP33D
1041,AbaftX
1042,11t
1043,Kittie1337
1044,Jikurein
1045,hariscr746
1046,CanadianBud
1047,rawaf
1048,override.hax
1049,Vantos
1050,ProtoSAX
1051,PacoTaco
1052,Jabberwock
1053,sasori~
1054,JimmySaville5555
1055,ashmonroe99
1056,gloriousmods
1057,TBrains
1058,gabygamer
1059,Motusora
1060,TheDevil007
1061,Oliboli8769
1062,ChickenBopBip
1063,Th3Red
1064,FATMAN6666
1065,dreary
1066,MUSSYMAD
1067,Hereforfun1234
1068,Alexx
1069,Himself1
1070,MesaVerde
1071,Lil Miralijar
1072,Morasen
1073,Members Only
1074,Oli337
1075,samhameed101
1076,UchihaRif
1077,sagaantheepic4
1078,baerenmarkex
1079,misrefunds
1080,pukerella
1081,Clancy420
1082,nxbxdy
1083,limpan0510
1084,mpmoi
1085,NovoSe7en
1086,MrHaqs
1087,WE$Y#$HEHJ%EHREHT
1088,jeannette
1089,_Bump_
1090,HiRusSai
1091,[MPGH]Zaczero
1092,admzkry03
1093,DireDan
1094,MrSurvivor
1095,0xHigh
1096,FAFA101222
1097,Spaafy
1098,XTLOPPE
1099,ItsPuehJWZ
1100,Ryan28
1101,Meh111
1102,BTSArmyEXOExo
1103,CloudUser
1104,quiin14
1105,dnacopy2
1106,comuncampion
1107,harp123
1108,st Lucifer
1109,MoneyMask<3
1110,UltraIronGamer
1111,getchevyn
1112,AGENT07
1113,Hexxit Hacker
1114,HeyWayy
1115,epiccode
1116,RapidExtreme
1117,thatoneguy23
1118,Wyney
1119,adzina147
1120,mattes32
1121,Rogetee
1122,ClaraHoracia
1123,Askr_m8
1124,halfmystic1
1125,TheMajesticFrank
1126,markhabr
1127,DigitalSales
1128,valentyn0
1129,ronad801654
1130,agoraaaa
1131,BebeFanta
1132,Kick Is life
1133,jtvnes45
1134,kallonski
1135,Valerian
1136,pleasebean
1137,UndercoverClasher
1138,bambisho
1139,orlyy
1140,fsociety0101
1141,[MPGH]Heroes
1142,dozzze
1143,TTjaimeTT
1144,blackmenu
1145,Daxxy
1146,Joe
1147,Noholliday
1148,MIRuisna
1149,Yomajesty
1150,Bob White
1151,ZXFortress
1152,iSmexy
1153,koicel
1154,majidfan123
1155,idan2
1156,alexey2532
1157,giyp
1158,Realm Bags
1159,_AsD_
1160,PandaKoi
1161,h34rtl3ss15
1162,TheOPSE
1163,Ahmad
1164,xfallendino
1165,JustYo4U
1166,DonaldGlovee
1167,bhnzy
1168,Dexter
1169,Subber
1170,Bjarne The Beast
1171,Paraskevi
1172,lsd11124
1173,AllMy
1174,xslite
1175,exhaltedharbringer
1176,alphablademaster
1177,timberwolfyy
1178,Nobelrulz
1179,Antonsen
1180,maben
1181,Zarbon
1182,NightMergez
1183,insiware
1184,beermaker36
1185,tamagochi28
1186,1730515077
1187,Azog the Defiler
1188,danthm123
1189,Austin!
1190,[MPGH]Luverdark
1191,justsal13
1192,Geecoenterprise
1193,kokoomong
1194,mark9090
1195,R3kttt
1196,AzTeXGamer
1197,lumiDxD
1198,domme2204
1199,skfrajer1999
1200,Bomberzz
1201,zhangxuan
1202,Vallas
1203,COD3RIN
1204,UntitledHD
1205,HeartJustice
1206,Alt-F8
1207,Bonesaw117
1208,WarsideOfficial
1209,PrOgResS
1210,jackftw1
1211,emailc123
1212,tweesy
1213,semicolonsmith
1214,combiy
1215,Synctax
1216,Z_Warzz
1217,[MPGH]Joker
1218,a1369334646
1219,highspeed70
1220,kallec5
1221,zeinfinale
1222,Volokuss
1223,Kruller132
1224,Jipseey
1225,.e7
1226,rednavy
1227,sekone123
1228,awesomekickbuttop
1229,bulldogmomw
1230,HoLLy_HaCKeR
1231,DarwinGR
1232,Azz100
1233,tg4267
1234,aske123
1235,iZiiQoOP
1236,Saturnia
1237,rotmgfaaag
1238,nayskaesca
1239,[MPGH]arunforce
1240,aznsnake17
1241,karay64
1242,dawoodsaeed
1243,Kiraida
1244,doens
1245,OfficerX
1246,realmvp1996
1247,AeternaNox
1248,[MPGH]Hugo Boss
1249,[MPGH]Silent
1250,dtgro
1251,charliedosurf2
1252,JustcallmeMIN
1253,Skyloro
1254,kassio159
1255,enough007
1256,Little Snow
1257,TheRabbitGuy
1258,aylmao97
1259,IlikeLesbians
1260,Iridesence
1261,Had35
1262,osiris73
1263,Host_free Gamer
1264,Pizza Party
1265,nnjman
1266,depadre007
1267,zeonlyspartacus
1268,nagoya
1269,KurokoShinichi
1270,android094x
1271,specialgummy
1272,LinkinParkPT
1273,Sadorusk
1274,JoeyXc
1275,Bos31
1276,MadHatBoi
1277,asad13
1278,webstr3sser
1279,FireReaper47
1280,lucifer667
1281,Segger
1282,steve33
1283,exZerry
1284,GameGator
1285,nisroch
1286,MTG-
1287,bobby bird
1288,Juaann
1289,k2upper
1290,Stronium
1291,danish1234567
1292,timbo239
1293,PabloEx
1294,HeyHomie_
1295,Kryskys
1296,Vangelo
1297,jakestuffs123
1298,whait12
1299,thecatc97
1300,ManLikePhillyD
1301,userspro
1302,MalkavianJ
1303,DarthShined
1304,momundermom
1305,Organized Chaos
1306,kingadeel23
1307,lejlaaa
1308,keylogen
1309,casadeyra
1310,fukum9h
1311,ACarmelBun
1312,JardelRulez
1313,prozinhubr
1314,TheNutellas
1315,snander
1316,unverzeihlich
1317,MasterCheep
1318,.SHAZAM.
1319,letsgochamp1
1320,zztrzz100
1321,PCGamer3000
1322,OSRS_Main
1323,Spinner123
1324,SirusFPS
1325,isaac956
1326,Azurath
1327,ckworld18
1328,iVapinq
1329,tipiloulou
1330,Meddox1310
1331,GWE$YGAE#$Yhheh3h5
1332,Schildkroeti
1333,Syrup111
1334,Sydo
1335,justvcc
1336,yesitsmeboi
1337,aylma0
1338,YoungRev
1339,zoryn
1340,YappaDroppa
1341,RIFK590
1342,marnix84
1343,Hopsicraft
1344,Jugh Hackman
1345,n00b2137
1346,Luneon
1347,koalaleader
1348,exassasinx
1349,Omnibenevolent
1350,Joe's Exchange
1351,davishpo19
1352,Tvs2300
1353,Mokhan123
1354,fabz87
1355,Noeru
1356,SissyDissy
1357,john_1234warrior
1358,Beam9000
1359,Minori-Chan
1360,deanpenbro
1361,MLGDogs
1362,saikawa19
1363,OverDosr
1364,Swaggy_Dizzle1
1365,ezgtavhax
1366,Vice
1367,YanniMC
1368,kinakin
1369,Rithic
1370,Tackty
1371,Mang0craft
1372,shanleemar20
1373,btcpayal
1374,patty_xxx
1375,Falindo
1376,Bancor
1377,kevinvdz
1378,skittlestheog2
1379,GHW$YW$Y$y4yy44y4y
1380,theboyalready
1381,espanity
1382,saiaapiz
1383,snoxyes123
1384,alanchdg
1385,PoeTraderJoe
1386,Communicate
1387,I'm Raeven
1388,Miguelrf
1389,Gonaru
1390,mmorpgAH
1391,realdealxx
1392,roro111
1393,johahanan
1394,Glitch
1395,Magz12
1396,dimlinn13
1397,diggyboy3333
1398,lasernisse
1399,Buccy
1400,HeavenRotMG
1401,LeFlash
1402,Sala296
1403,colevoncole
1404,Predator_dage
1405,Zeon Bell
1406,upcloser
1407,Mysterious_Stranger
1408,Iuuri315
1409,A.J.
1410,Lamius
1411,Nismo490
1412,DerReiter
1413,kidhotwheel0802
1414,MiniPwnr
1415,DrWhoozy
1416,VaioKab
1417,MasterHackerGLK
1418,Templizz
1419,XxBruceBrucexX
1420,Martin0802
1421,adriabiel
1422,Temporium
1423,GabboB1
1424,stufffromdennis
1425,TheyCantHandle
1426,sasparon
1427,IceDude27
1428,darkpoke122
1429,in4fun
1430,MrWolf623
1431,ITwannabe
1432,emanaciq
1433,enduser123
1434,Unknown:)
1435,MEsch23564
1436,promo123
1437,dylweed7
1438,darkalienware01
1439,ubcscommandor
1440,Queen
1441,goofyfufu1
1442,Dmouton
1443,Yowie2001
1444,kostyas94
1445,hofoesho
1446,Jones07
1447,Maggiiee11
1448,purplewhale
1449,csgoleader53
1450,Unilev
1451,benisreallycool
1452,steve3
1453,Halogen1411
1454,robme
1455,MDEW3Z
1456,aadaisy
1457,Shamadruu
1458,applepear01
1459,playqqq
1460,daffedf
1461,eljavon
1462,GhostRileyHUN
1463,realmeyex
1464,inimeG
1465,2353261931
1466,OP_carlos
1467,CozmicDX
1468,shottydragon
1469,gaga9898
1470,gogogokitty
1471,ferrari7275
1472,Hoba511
1473,Jimmowabee
1474,____7up____
1475,Redakai29
1476,luuk191
1477,ycnaf
1478,aRxBoMbUs
1479,thebestsayos
1480,Ethan1994
1481,fvckdiego
1482,lessqqlol
1483,Trenw
1484,CatArtist
1485,ehsan3702
1486,zendesk
1487,sapphire22
1488,HelloBabyGurl
1489,aiharayuzu
1490,pwetss
1491,Cuskaids
1492,Doberman[CONFIG]
1493,MattM0313
1494,climaks1
1495,MikaB
1496,Rixey115
1497,Jelman
1498,p0xify
1499,DigitalP1
1500,NekoArtz
1501,Havoc
1502,schabbbb
1503,plitka
1504,cudsomoto
1505,Vrkz-002
1506,dawanghoho
1507,Oxy
1508,Bramhim
1509,bengaludo
1510,Savaunhax
1511,Gizmozaic
1512,MonkeyBoner
1513,Eternal Parrish
1514,Mr-
1515,SantanOGU
1516,plumbwicked
1517,damianekk
1518,sautzer
1519,hulabulia
1520,Kevin_anthony
1521,Realmlife22*
1522,joetiptoey
1523,Octavia Melody
1524,Alischiell
1525,Orangesxx
1526,limacezzz
1527,vaisefud3
1528,iwillbefree100
1529,Beatzz403
1530,komamuradesu174
1531,ztyx
1532,Busesarelife
1533,Xrayingg
1534,leftbehind
1535,AlekoX
1536,Zazukih
1537,MomotoroGames
1538,cpafromcroatia
1539,rextown5
1540,Freeze
1541,TheTrauma
1542,sapos07
1543,KidGamingTime
1544,Snorebrie
1545,nasse123
1546,rotjager666
1547,a5lan5a
1548,Rhodo__
1549,TroverHacks
1550,jack0jack0
1551,Enegry3
1552,Panthers
1553,whebey13
1554,olgenbeast
1555,2809ta1911
1556,jetset1
1557,asakadeha
1558,gooberrotmg
1559,JeroxDK
1560,onetapscream1
1561,javezinho
1562,trollermehx
1563,Hybridize
1564,hage_fale
1565,tonyspacewolf
1566,wizz0w
1567,ZQooS
1568,samet231231
1569,MicroGod
1570,hamitcan3
1571,Razordrol
1572,BuslikX10
1573,Jebit
1574,pubg001
1575,TooGoodAtCoding3039
1576,Atomic
1577,W3EBobRoss
1578,swankhawk
1579,shammer1
1580,amishbigdoinks
1581,killah2460
1582,zewqpo
1583,markushans
1584,pirata0
1585,badkingpro
1586,clanclasherxx
1587,mihanemal
1588,DontMesswitMe
1589,raimana808
1590,PRUUZZZ
1591,sh4d0wko
1592,001.
1593,Exanimate
1594,Theo.11
1595,DIABLESSSO
1596,IYAH
1597,anonymouss3221
1598,jordinpaul2
1599,jpxgucii
1600,KINDREDSHOPNET
1601,jayjay153
1602,Garoid
1603,nfocus
1604,codex1992
1605,ayomide123
1606,miniuser10
1607,Jeffreyisrich
1608,kdog2018
1609,Time Traveler
1610,warstarter123
1611,Cakeboost
1612,veda8642
1613,ShoVik
1614,DerpySmerky
1615,Black Rock Shooter
1616,thegoodstore8
1617,OPXIV
1618,Fujiyama
1619,never prxmise
1620,mikezzh
1621,Hydra
1622,Tooth maniac
1623,Dlays
1624,Felix
1625,stimus jr
1626,alii98
1627,Mr.Mundo
1628,MrToggley
1629,BatsuGame
1630,luksin21
1631,fable188
1632,nyxzryu
1633,ZodiacGemini
1634,~ fi(waa)fo
1635,peterpetepete
1636,para996
1637,Jerome5055
1638,[MPGH]gerassss
1639,maxhunter2011
1640,ruusey
1641,Abdoojr
1642,Sytrux
1643,Darkdania
1644,luke
1645,1C4ST4W4Y1
1646,SFproductions
1647,mgmclaren11
1648,CykaBlyat1023
1649,Rhayrin
1650,CXtrihardinKFC
1651,Etelis2013
1652,baz1ng
1653,Kimion
1654,aeiou0909
1655,sassmaster2000
1656,xhillcrestx
1657,Eternity
1658,alex_psn
1659,lostboy10
1660,Derpavid
1661,fatpillow
1662,Stanlyhalo
1663,AccountMaster
1664,Zlla
1665,DragonH
1666,Cuckcow
1667,Le Knight Club
1668,piistiike
1669,neonx305
1670,Qnoopz
1671,Patek
1672,[MPGH]Nyaro
1673,kyouko2313
1674,Lippermug
1675,diditdude
1676,suffercsgo
1677,Matthew
1678,PoQuio
1679,BrehBreh
1680,oPopcorn1
1681,LeonCK23
1682,Charlie 7.1
1683,rsgang
1684,ghtghtg
1685,alejandrongg
1686,TechDragonzZz
1687,TreeKeep
1688,maniacWASD8
1689,SmoothAlts
1690,LoLShop24
1691,SunBurz
1692,mynameisnam3
1693,ferenczilukasz123
1694,tagirmr
1695,WilleaWanker
1696,nnah
1697,Kitzz
1698,solemekoza
1699,XZorah
1700,Reklezzz
1701,bosshellkid
1702,iVitolo
1703,qwerty555111
1704,phumwar
1705,emoric28
1706,Heyitslace109
1707,Nirmol
1708,philrey32
1709,Demonking89
1710,Confluency
1711,friedriceisgood
1712,fawfaw13
1713,Novun
1714,king.W
1715,-IamtheOne-
1716,Game Sklep
1717,commonbullet
1718,Gamer123123123123
1719,ttfttg2
1720,yShunk
1721,SubAtomicShop
1722,benficahack
1723,Mr.WeLi
1724,need2sleep
1725,Quiet857
1726,Praised2018
1727,Angelmathiassanty
1728,spitfire_SVK
1729,mrurk
1730,LOLAccounts4Us
1731,a7xowns
1732,standavid132
1733,StockSama
1734,InvisibleTouch
1735,Kwon
1736,vidswaps
1737,dafeh001
1738,dabs017
1739,funkyferrets
1740,AHybridWolf
1741,12problems
1742,jaspar210
1743,bog624
1744,Gravitir3.14
1745,Skitzzoo
1746,aam.erelis
1747,jackaroo77
1748,Skidrow7
1749,matthew01011
1750,Wades
1751,adriansebb
1752,iEatTrash
1753,StrongCore
1754,MisterMATHISSOU
1755,Giftcardist
1756,Fxrkan
1757,freejack2k
1758,icehawk981998
1759,apollofire007
1760,hugocalisthenic
1761,toxicity101
1762,Toma94
1763,DJBlyatMan
1764,spiritualZ
1765,KnoppersPapier
1766,jooshzz
1767,Cptroyal
1768,yaBoiMLGPRO
1769,CuecasGamer
1770,ExynosCyberSport
1771,Agent Hacking
1772,A british taco
1773,Lezzone2
1774,Lesbian Seagull
1775,creator1456
1776,whoisthepro1998
1777,TitanHowix
1778,Chink.
1779,ImCoooool
1780,gaelicanlol
1781,HEV702
1782,TheFlyingMumu
1783,Okabe
1784,mccooper42
1785,2manyhx0rs
1786,scalapota2
1787,sasha008
1788,XXModzXX_Modz
1789,eesalol
1790,HardHaxing
1791,671012
1792,Evanesces
1793,IHATEPINKABH
1794,sistemB
1795,Imp3rad0r
1796,ocarinafan
1797,CBan
1798,SEservicing
1799,BabyCrazy
1800,m0n5t3r_
1801,Speedball
1802,HackingOfOsu
1803,crackman997
1804,iliketrainz
1805,D-Seller
1806,Jenatols
1807,Its Leviosa
1808,Einhver
1809,Divine.Market
1810,hrcpin
1811,SnakyNKnown
1812,JuKeGhost
1813,DeadOrAlivePro
1814,doe_joe
1815,LOLhell
1816,kelpo1997
1817,asdlolxd77
1818,Orbit
1819,silencedCat
1820,FallingObject
1821,AdrianEZ
1822,Davidtcg
1823,Raisehelll
1824,kekien143
1825,Kenj707
1826,DARKKKLORDDD
1827,hfnickj
1828,NQxx1453
1829,gracebb
1830,ImYourSenpai
1831,confeter
1832,mmzint
1833,TheJFK-Experience
1834,AirierObverse
1835,a2thejay710
1836,Disneyftw
1837,drewmaneca
1838,Thegodfocker
1839,8gold8
1840,Insomniac
1841,SonicMastr
1842,Jrain
1843,ixuatl
1844,EL Surenzo dA KK Caponeiyl
1845,onlyhereforcheats
1846,Entity
1847,dalistylez
1848,ahmeid
1849,Thx4BF4HAX
1850,bip0l0id
1851,kevo154
1852,iwantfreecheats
1853,vitorau111
1854,Cloudman
1855,alexeditore
1856,hesapadim
1857,Algran06
1858,Nil5959
1859,psn4231
1860,billionguns
1861,jacobkys
1862,jgonger
1863,bailfyrez
1864,NafriHunter
1865,CheatsInc
1866,rotta564
1867,Ismailazan97
1868,provickers
1869,opCritz
1870,wakahoola
1871,unknownluna
1872,thenoth73
1873,rafisfat
1874,scottlang
1875,Anatrax2222
1876,horsechan
1877,dasdiosahdiasj
1878,Giorgos Rogos
1879,fkyoublueball
1880,killened
1881,Kushala Daora
1882,aandril
1883,narkotikal
1884,HunterXHazar
1885,thewizzardofoz
1886,Kurochi69
1887,landingat
1888,kevkwl
1889,StonaJakey
1890,sonnysunsun
1891,Johnwick2020
1892,Zuhrain
1893,Alex6999
1894,Kingpin
1895,demotica
1896,khatabhunter
1897,onicek
1898,Gexis
1899,DurDom
1900,Poowke
1901,trem0rs
1902,Faytalic
1903,usoppgod
1904,zanif
1905,Owypro
1906,pvaaccount
1907,Hakune
1908,NA Rain
1909,Boanak
1910,darkass1
1911,L3apr
1912,SushiWang
1913,deadshine2016
1914,Gamingtab
1915,zinnorov
1916,TheFlawLess
1917,League Shack
1918,XxkillervonxX
1919,Shated13
1920,koala4lyfe
1921,P0STMALONE
1922,Bayden1
1923,peleon02
1924,GTA7
1925,Froz3n
1926,fazilaynoor
1927,Gimmley
1928,GadeSellsss
1929,sveetas
1930,Strafe..
1931,Quaint
1932,chumeocon
1933,HeadHuncho
1934,SniperzHD123
1935,Fetharis
1936,jocke12e23
1937,Bloodrave
1938,RaffyProGamer
1939,Kxiry
1940,Vinnie_
1941,Tibenmech
1942,DiefKOniK
1943,fastler
1944,jackinthecox
1945,Saldychips
1946,RollingStone
1947,DaNiggs
1948,Calm
1949,ELoL Boost
1950,citydrifter
1951,CXLZ
1952,Jellyrolls
1953,L0LDie
1954,ExtraReborn
1955,Putinvodkablyat420
1956,mpq176
1957,Account Specialist
1958,TriumphJohn
1959,kkkennethl
1960,ZZAZZ_
1961,TsLord
1962,K.A.R.M.A
1963,nicoevskij
1964,nizdi
1965,ashrafohm
1966,LPU
1967,kackmensch001
1968,EwhoreMastery
1969,Chanchanbimy
1970,SuperMarlon007
1971,Astrophysicist
1972,ebolaisintheusa
1973,blandar
1974,haxorita
1975,PoorN
1976,Name is Kevin
1977,mime11
1978,erennTT
1979,foras2
1980,bboyemperor
1981,lalo1996
1982,Azeer
1983,Ddoserploxer
1984,nivek1ng
1985,EilonChen
1986,XxJHxX2
1987,fuckthisshitsite123
1988,wowzer22
1989,Hypebeast
1990,thrbountyhunta
1991,tayser
1992,Nifl
1993,Sasuke322
1994,Miraiii
1995,IIOmqRedxii
1996,AlexDaHomie
1997,M1ira
1998,ahiddenmessi
1999,Catalogue
2000,cemne555
2001,abysswalker_art
2002,Joaco_tullio
2003,gangster08
2004,Panzi997
2005,KekKing
2006,titrin
2007,Lord_Fr3ze
2008,Mafixer
2009,bunairi
2010,ransmang
2011,BenKKServices
2012,Incndr
2013,Ramindeep
2014,cophc
2015,KING CYBER
2016,mike1903
2017,tweaz1
2018,imanewb149
2019,BABAMAMA
2020,BoomCat
2021,MiniPwnr.banned
2022,syndicate200
2023,lucasadr
2024,Miavius
2025,lilotsovert
2026,ivanclark1122
2027,IRBColm
2028,opezz
2029,w27rp
2030,silentfoxy
2031,Don
2032,kyo5uke
2033,PSN4U
2034,Trevreyes
2035,Sergey_26rus
2036,matv3y
2037,Silent Loves Me
2038,TronArclight
2039,cjn12121
2040,tigerwongk7
2041,crushingbobs
2042,masterdarkside44
2043,Cvbgxht
2044,Mozzer42
2045,flatspotting
2046,YouStoleMyTv
2047,WatDeeFok
2048,SilentSkillHD
2049,DJMarramiau
2050,dhkseig
2051,ayomide321
2052,dragonfist787
2053,VoyaCoz
2054,LowKeyRealNigga
2055,Hackalytica
2056,tigwerr
2057,Userwemp
2058,Hakouri
2059,rehan_EVO
2060,DarkShark919
2061,shadowwolfbow
2062,rallapag
2063,Revss
2064,Moltisanti
2065,UnMastered
2066,nickoze
2067,keltenisgay
2068,Chimpanzee
2069,Tileen
2070,josiah0921
2071,D0ctorCZ
2072,DreagonnP
2073,Stacymom
2074,OofOuchOwie
2075,BaldyZ
2076,EmptyWallet
2077,-Spam-
2078,patryklorek
2079,omodzz
2080,Mike (YT)
2081,ItZBready
2082,roRoyalty
2083,Mathsofia
2084,mukhrez582
2085,Expiker21
2086,juozuxp
2087,lamluong
2088,bthppong
2089,349242322
2090,XperiaPro
2091,Null12
2092,MonsterIsThicc
2093,ytvertmodz
2094,Sir Lich
2095,xxfireballxx
2096,Doozie
2097,Pandaraid
2098,ghkdgudtns
2099,DeathShrimp
2100,Heart
2101,Adrian1012
2102,darkofless
2103,FalseAlarm66
2104,binki
2105,ke520
2106,SirenHill
2107,MrMacro
2108,scopezxlolz
2109,CaiozinhoFC1
2110,cake
2111,gsvxsmhyt1739
2112,GringoShop
2113,Tilbentross
2114,GamerExMC
2115,KoiPlaysRust
2116,Asdf0606
2117,syzah
2118,linkthehylian
2119,TheRealColt
2120,ThomasTheFluxEngine
2121,GlobalTrader
2122,dekerec
2123,Heardofus
2124,Jordan_Jokes
2125,T0psid3
2126,Hayk4500
2127,hernos3
2128,daemint
2129,mohdthe13
2130,NAROBST
2131,khairiiazwar
2132,-j4z-
2133,Wulung
2134,yongsik111
2135,ars899
2136,N3X4
2137,fjkaka94
2138,Tchou
2139,viduvt
2140,swepro0
2141,RealBattlEyeTM
2142,HolyDang
2143,Epic_Platypus12
2144,VACMaster234
2145,camillesandoval
2146,random145
2147,Chaos_Trill
2148,sakamotosan159
2149,Arsenikk
2150,Tomatoes123
2151,iremy23
2152,cysg095
2153,wuuyi123
2154,Romanby
2155,Zedonk
2156,rogstarx9
2157,NinjaBlack1337
2158,BahamaLlama
2159,porkchop1972
2160,gtango
2161,Abizzle
2162,Austen_Dayton
2163,rizjwiz21
2164,CasKade-
2165,DrTran32
2166,GideonLind
2167,dawid17
2168,zuckonit
2169,stevdev
2170,iRandyPro
2171,ZectixV1
2172,ChunkOStuff
2173,subfall
2174,polak97
2175,96neko
2176,d1os
2177,Urmumgey
2178,itssobasic
2179,s1riusblack
2180,sodeepop
2181,icedude27alt
2182,RedixHD
2183,09morbab
2184,index.html
2185,Giftia200124
2186,liyehi
2187,HowL8036
2188,BlazingDemon991
2189,smefcc
2190,Seller Yahoo
2191,vaibhavdkg
2192,lacostegamer
2193,V4ll4S
2194,roadloop
2195,Djerelle
2196,iamandreo
2197,Ruch
2198,Zhend2000
2199,iljeboi
2200,sampi9
2201,Jazz_23
2202,ST4RF0X
2203,CryxusHacks
2204,PoRitze
2205,adamzaf
2206,KiD_CuDi_
2207,lucaa120
2208,Impact1021
2209,blitzkrieg123
2210,joshharland1
2211,etnzl
2212,elmo1997
2213,ifckkids
2214,ismo132
2215,Niirynn
2216,jordie1417
2217,MrFreexe
2218,blackwing4
2219,Slacky1230
2220,JJBEE
2221,MainJocker
2222,maxwell60
2223,JevWraith
2224,darmzv
2225,Russian Spy
2226,tqdf
2227,greenwithevil
2228,yunseng
2229,Erw1nn
2230,GustavoLaMela
2231,milwer
2232,Kingkon1
2233,edosokawarii
2234,Nederlandse123
2235,korniix
2236,idothepro1
2237,sadfacelul123
2238,hecticeshay
2239,Moncler Genius
2240,rafaknight98
2241,haroldcs
2242,ledankmemes420
2243,Mikkel_gg
2244,RiotBoi
2245,Darku123
2246,kryplin
2247,Pinkbubbleguns
2248,skokuczek
2249,Nyggah
2250,OPPikachu
2251,suy33
2252,cookieishere
2253,Sewbasrtianm2
2254,Hawk159
2255,OblivionxWolf
2256,FruttoLV
2257,Sanchos
2258,IssaJoke
2259,KID_0001
2260,kenj1ks
2261,rowdyshotgun2018
2262,my.namea.blue
2263,prupke15
2264,renzovz
2265,danceretto
2266,thebronzewing
2267,Pixled
2268,Aringhus
2269,Allpurposehack011102
2270,vergie.hadiana
2271,venoom1982
2272,RGG_
2273,soluti0
2274,bujji1996
2275,K4pp4CeTe
2276,PeperonieBabie
2277,timper21
2278,Modernricky25
2279,lazycucumber1213
2280,KKODA
2281,yaago
2282,kkkkkkkkk999
2283,TwoSexyEyes
2284,gmiller85588
2285,PhantomLegal
2286,Womton
2287,maisuke
2288,Clubbed
2289,PolloPene
2290,rotmgawesomeboy
2291,damiansharma
2292,leo2222
2293,akidobaphomat
2294,viibefangz
2295,GetTheDank
2296,Maplebar101
2297,lynxie1
2298,wheyray
2299,sudsy
2300,memelord15
2301,Qlova
2302,t1mmmy
2303,Ecstasy
2304,GamerTV18
2305,skipperino
2306,anan4040
2307,Late
2308,curtisjackson1989
2309,Ryuk
2310,Nando67
2311,xpinkqueen
2312,bryanhong
2313,Kastenfrosch
2314,pedroddvo
2315,BM143
2316,OathBreaker
2317,omerosama66
2318,Call Me Nevyn
2319,Dragoball
2320,staymen
2321,keichou
2322,Realmlife22
2323,ming6996
2324,igorruan
2325,naimhacker12
2326,displaynamex
2327,mdeklerkjnr
2328,joe9411
2329,Caszio
2330,M4Z3
2331,Medkit_pubg
2332,Issa Savage
2333,Pingoo
2334,tofu20
2335,Supreme403
2336,M4R5H411
2337,markb
2338,MoneyMachine
2339,CharlieBOOST
2340,Spritexco
2341,MeowFlax
2342,SageYugito
2343,zsozeatya
2344,ViolaQT
2345,kuromaa
2346,50per-cent
2347,GunVein
2348,bhfff
2349,EaglesEye223
2350,deeznutzgay
2351,noirfx2
2352,Prodigy Realm
2353,BastianSuckmaDic
2354,MafiaBoy BlackShit
2355,Lolrekt123
2356,martinsh123
2357,**Seals**
2358,Knoin1992
2359,Gordo3232
2360,destrux2012
2361,awsumdogg2
2362,Shade5670
2363,[MPGH]Boombox
2364,pikis201
2365,jackchoy
2366,Anti
2367,hindika
2368,Glitchimmy
2369,TCRReaper
2370,Matrix
2371,DonkeyKong23
2372,yooyoo77
2373,darking123
2374,Blackshadow
2375,HQLoLAccount
2376,jack59029
2377,Kunansai
2378,bretzky1431
2379,naodigo123
2380,megadanielmajo
2381,Shakira123
2382,CaptnMoonMoon
2383,yungporsche
2384,Phantow9
2385,zzer0zz
2386,LukiDensi1
2387,Lolcomic
2388,HAAAAAAALLLLLLLLLOLO
2389,devodid
2390,CPLNet
2391,jb2302
2392,mz1337
2393,HighlandDirk
2394,metehany04
2395,mastar1275
2396,CalciumK
2397,desprolijo
2398,Hazbelding
2399,Helmer05
2400,damnned4you
2401,BobHSM
2402,assdickmane
2403,Wortexxx
2404,Stalin
2405,eMnez
2406,Kruciegv
2407,MarkiJeg
2408,Anyth1n
2409,ssarmah007
2410,iamjhl
2411,Keavin1731
2412,Kaio-
2413,skillkill
2414,tenzukura
2415,The Veteran
2416,cddiskowner
2417,DoublePistol
2418,zeroin
2419,areiiayman
2420,coolaid111
2421,Debbouze
2422,Nippynipz
2423,aranurea2
2424,MyIsolate
2425,tam0604
2426,freebird19
2427,ultrinityx
2428,rafaelaraujo32
2429,MLG GOD 420
2430,zhuzirui
2431,Speedy963
2432,Bigman45
2433,yx299
2434,MagentaDesu
2435,Infamous E
2436,cheeseSmex
2437,Escoco
2438,wizardshogwarts
2439,adasda
2440,DoubleDutch
2441,Supm3n
2442,Lenodroid
2443,sawakou
2444,Armadil2
2445,Deviceguy
2446,Boost to Boost
2447,aeapple
2448,_GreenSteive
2449,cshepherd
2450,Cesyt
2451,axfel
2452,superfarst
2453,Vegeta
2454,MakeTooManyCodeshebusyDF2
2455,wevac
2456,AtiLion
2457,Bakaroni
2458,Irvs
2459,alonboy03
2460,visualelite
2461,AmkEsel
2462,Hell_Demon
2463,distro123
2464,Ps5Confirmed
2465,cahayadanis
2466,monkeyw
2467,jennymain
2468,ArkMods
2469,bloodyxforce
2470,valdcx
2471,Incisive
2472,Chirtes
2473,@JOBS
2474,Kujikawa337
2475,BoortyEaterrr
2476,edumellors
2477,gelsas
2478,DracoDraoon
2479,Idklove is a queer
2480,lllmarcjunior
2481,Diolegend.
2482,ProtonDecay
2483,HeroicXPharaoh
2484,Nextgencheat
2485,ProGTO
2486,Fabi0wZ1
2487,MacNN
2488,michaelmyers91919191
2489,105120
2490,ThezzzKing
2491,MaximusKain
2492,adam7777
2493,skilledplayersswe
2494,Luka2104
2495,Tuk888
2496,Jahodi
2497,sigura
2498,raffybest94
2499,pLaZma1337
2500,rocker1988
2501,cheatbannedgg
2502,Bou
2503,dothebender
2504,AwesomeJake
2505,guybaza
2506,GlobalBlue
2507,xXGhostXx1230
2508,Zirum
2509,Mortuze
2510,deahtx3
2511,ragesamuel
2512,McChickenHumper
2513,cxcs
2514,BurnsGG
2515,pimpy26
2516,Mjnato
2517,hure1233
2518,CallumYeo01
2519,ByClops
2520,Pinto17
2521,Versa
2522,Dotasarr
2523,KFC
2524,Popa200
2525,post90s
2526,JordanGraff
2527,EmpireLIfe23
2528,kevinlin
2529,lickerbutt50
2530,SpMorpion
2531,wacegreed2
2532,rallyman10
2533,20cortar1
2534,kalebchen
2535,berkeaykas
2536,galardos93
2537,justasprof
2538,DziugasProfas
2539,boomboxcity
2540,rawacss
2541,VasyaCool111
2542,dummy97
2543,Juicyy
2544,progamerr47
2545,jlabishop117
2546,IamAGuy12345
2547,Boldii.
2548,TehYoshi12
2549,astrals
2550,akyuky
2551,DragonicHD
2552,Irkedd
2553,giovanniAV
2554,chronichemp
2555,xxxDisdain
2556,iNutsack
2557,alex20000
2558,Bigsmoke4life.59
2559,zuwaw
2560,k4zuek
2561,theescapist
2562,MrTrololol
2563,ji7saw
2564,drmanateeman
2565,Workingworking
2566,kobebloodz
2567,willfuttbuck
2568,lkn2993
2569,TheRedFox1788888888888888
2570,N4StYy :P
2571,m4tonoob
2572,Mangeer
2573,paradoxe1978
2574,VoidFistSMF
2575,LolloLezzi
2576,Sldallas
2577,LSDxD
2578,probCH
2579,limpangpong
2580,Beriyan
2581,Mantic0re
2582,biggwill
2583,itsitamar1212
2584,gamezterror
2585,Thatboy22
2586,TexV3x
2587,[MPGH]Austin
2588,Blisteur
2589,arooly
2590,ETGgherggrrg
2591,Soulsynapse
2592,meremilo
2593,Ameer
2594,jakegetri51
2595,Carat1
2596,camok
2597,noks
2598,blitzy135
2599,Vedivous
2600,madbyte
2601,VisionArgent
2602,CosmoFrog
2603,afterregister
2604,crusader69
2605,00f
2606,Mjackson150
2607,Zero_One
2608,tacobelldude
2609,pippom
2610,DahmerRock
2611,g2rp
2612,CoolHandPuke
2613,Informal
2614,Bonebreakme
2615,YoungSavagee
2616,one122
2617,Wow_Man_123
2618,Yeeit
2619,iliketrains666
2620,PuppetQueenn
2621,biscardi34
2622,Eliendrel
2623,skyblu21
2624,Daekas
2625,Gen2us
2626,skanticc
2627,dyii95
2628,d3vi0s
2629,wheyhello
2630,TelepathicYTF
2631,Blaaze2332
2632,bladeds
2633,asdasdasdasdg123
2634,Smile Boy
2635,teeb.
2636,ls4cfk
2637,ilovetobun69
2638,A_Random_Idiot
2639,Neonmonkey123
2640,treminer21
2641,bigunit7
2642,Second_Jesus
2643,Rihiz
2644,strixsix6
2645,Hades2.0
2646,Ybanmecuck
2647,whosact
2648,moonsuns
2649,DestroyCode
2650,RemilliaReborn
2651,amazingpaco
2652,PauloPaulo123
2653,guiaga
2654,amirjoker123
2655,Asetic
2656,TheFriar
2657,Unregistered User
2658,awdasdasd
2659,jakubr21
2660,thespain
2661,IvyLeague123
2662,djjuli1
2663,tonykibler
2664,Elektrogig
2665,ALPER8
2666,Furore12
2667,madmaxjanoski
2668,kmhs1618
2669,E1isH
2670,slapgrab
2671,GamePSN
2672,baguette26
2673,LordHumungus_Taipan
2674,arteck
2675,zer0fate
2676,k1ng31ayer
2677,sethss
2678,D4SA25D
2679,farnoodivine
2680,Exyless
2681,darkn013
2682,caiiotorrez
2683,MrBroaski
2684,gigalula
2685,JonJR
2686,hMachine
2687,Niinnja
2688,hiesenburg
2689,hejun123
2690,Tywolf
2691,Ryuka
2692,kinloves2
2693,thayl0
2694,rellyraleunit
2695,axaxa
2696,erdoganavni1
2697,pabloo2
2698,wwwrexxor555
2699,ichigoichi
2700,elchwurst
2701,Elison
2702,Rolex
2703,BlindMaster
2704,z0i
2705,MLGJan
2706,Rakenson
2707,Dogo59595
2708,TaiGel
2709,CoDWW2Services
2710,CraigBot
2711,simsamfx
2712,she11phish
2713,filenub
2714,dkton
2715,paulvondempaul
2716,RIP_FeelAlive
2717,PANZERWAGEN
2718,DavidSulina
2719,Nobody77
2720,aixshinto
2721,lqkhanh611
2722,Kutthrote
2723,hungra
2724,DmE
2725,troygarcia29
2726,ShadeBoyy
2727,Mustii4
2728,LxFactor
2729,Benji777
2730,DarkGiene
2731,OP Pker
2732,hitsman06
2733,Zynotic
2734,Maastonak
2735,iGareXa
2736,-pooh
2737,VaporWavey
2738,Aureliana
2739,TechHacksToday
2740,CristianMunoz
2741,usabtc
2742,Faze
2743,Ramerow
2744,darwin503
2745,Tigerest
2746,mamadou25
2747,Kodeine09
2748,XXdavidlol123
2749,Goco
2750,SaitoGits
2751,rootskie
2752,KroNzzz
2753,chibizs
2754,Razielex
2755,Blushade
2756,Kush007
2757,Vadez
2758,a5522901
2759,kiker1012
2760,gino97
2761,B0ser
2762,hitler1
2763,JustChillin007
2764,UltraPGNoob
2765,kashi1
2766,jonniex
2767,Gutii09
2768,wewt22
2769,Aqvis39
2770,dvicd
2771,XiaoTeax
2772,Supoyb
2773,GasFerr
2774,ifonlycoby
2775,Payday 2 King
2776,gefl
2777,jontebothen
2778,LegendaryKill25
2779,Jey M
2780,antonbubba
2781,mantazzo
2782,snappyyap2
2783,xrootext
2784,dinoz0rg
2785,Baplogg
2786,JenHerd
2787,Duafan
2788,assassin88
2789,DB014
2790,ReinZoPA
2791,Invader_Zim
2792,Skull666999
2793,teagaaf
2794,Flori420
2795,streetjesus
2796,TapinServices
2797,billybob124
2798,Syntela
2799,indy23
2800,sippy98
2801,TheLuna
2802,ngclassic
2803,lalala312
2804,primeplaya23
2805,zoro_2009
2806,pandor57
2807,Headspace
2808,v iNclined v
2809,perfectlf
2810,huyvanw
2811,AichaSel
2812,AVENUEV
2813,Hamumu
2814,MrRobertVIP
2815,Gunter1
2816,mattstm
2817,kuchyy1337
2818,Zenser
2819,makay1993
2820,KKK8
2821,kopkopmyhack
2822,MyNewAcount
2823,Mafiascared
2824,R3dm1ne
2825,CalvinK6
2826,goldfinger12
2827,Aynol
2828,Pasqu
2829,vet0z3
2830,rhdeowlfkf
2831,juice76849
2832,rakuuyuna
2833,bambina
2834,PAJARITO
2835,nohant
2836,mothh
2837,fofofadi
2838,wilsonquan
2839,cleanbrudis
2840,s3ek
2841,mark6592uz
2842,Hankk
2843,YvngRxndom
2844,Proudcandy
2845,MapleShoppe
2846,WeakHands
2847,S182008
2848,RSJesus
2849,eisotopius11
2850,DefNotHydraOtherAccount
2851,bago8
2852,XXRUMONXX
2853,Foojuu
2854,themrlilox
2855,Ping12345
2856,Lindi91
2857,Gunbau
2858,Diiik
2859,Rin2012
2860,HypezHz
2861,Gregrleg
2862,mushi13
2863,KevinBerzerk
2864,Captaon47
2865,yapmervyn
2866,JoelFTW
2867,juventus66
2868,xJudgez
2869,notcheatinglols
2870,softwarekeynet
2871,Getdench77
2872,def012qaz012
2873,Wolgon
2874,Dama's Sheep
2875,mariano128
2876,ItzRainDrop
2877,HeXSexCode
2878,Makssuraa
2879,lolsweeper
2880,GothBoss
2881,Simplywild
2882,kiuuisjordan
2883,zeerocz
2884,Klyxa47
2885,japexxx
2886,edredre1234
2887,Facundo0o
2888,jimmy5333
2889,Mega Man
2890,lonjawon11
2891,Sipisi
2892,MrchickenWingz
2893,Oblivien2
2894,Snowsen
2895,DRTCaution
2896,nguyenthanhdatba
2897,shardefine
2898,debfar9
2899,cLc
2900,laxwan
2901,bobtheloler
2902,Thejackmouse
2903,lilladolken
2904,Shootreadyaim14
2905,Brendan89
2906,ohnoa_1
2907,NoctisFS
2908,timikfrederik
2909,marijuanabobho1
2910,swoopae
2911,conpon
2912,omppumies
2913,lolpot132
2914,recon24x1
2915,ddm50
2916,masterhunta
2917,gaiusz
2918,antep2727
2919,socialandtraffic
2920,curran420
2921,Orchids
2922,francovipro
2923,brunolord25
2924,HQ_Accs
2925,workingNS
2926,flameontourch
2927,stugots2
2928,VeteranREAL
2929,Ghtrere
2930,ArkDark
2931,nabaron
2932,koustavsuny
2933,hoangducvn
2934,Goonthur
2935,paulroberts0243
2936,Cerbus
2937,BabySwe
2938,memoxmert1
2939,faris04
2940,ibm400
2941,Txre
2942,kidpro1
2943,Power
2944,Alycia Debnam-Carey
2945,ACPlakshay
2946,connor1744
2947,deezo55
2948,fsx69
2949,MrkeWzime
2950,asyikdech
2951,fragticz
2952,fromtheshadow
2953,sensei1gg
2954,Elicons
2955,ryboy123
2956,sasukeamine
2957,tvaka5
2958,joshieb123
2959,spitzII
2960,The Cheshire Cat
2961,kuki1029
2962,The_SK
2963,raffatreta69
2964,SoftEvo
2965,Snakekarlo1099
2966,hannah0102
2967,Artsy_Skater
2968,ItsTwist
2969,gorgor
2970,pingvien
2971,SpookyFenix
2972,V0RKI
2973,phons1998
2974,Ziventh
2975,frostinheart
2976,h3ck4rcs
2977,ROBUT
2978,mantisssa
2979,EzoOze
2980,HOC1313
2981,Faggot
2982,kdskjdshdgs
2983,ReadableWig9
2984,CartoonGuy14
2985,Rudelbumser56
2986,AnonRefunds
2987,gabbi666
2988,MeFusionCarbon
2989,rsob
2990,apeeeze
2991,GayGrandMa
2992,Rcruizhunter
2993,Gravity
2994,YasuoIsntCancer
2995,Dragonturtle
2996,cloudteamone
2997,m0by
2998,Villeehx2
2999,saidhamzat22
3000,celsiusto
3001,fernandoes57
3002,BerlusconiS
3003,kentpachi
3004,stevenv409
3005,JustJmayo
3006,zomgitzme
3007,bredao
3008,fukinlun
3009,SouthernStorms
3010,patricka.augustin
3011,crusherscape
3012,otacoz
3013,drb0ss
3014,saruboy
3015,BigManJolene
3016,5454364536
3017,Sinprier
3018,ItsInk
3019,diamonds5022
3020,JigglyPuff69
3021,andre_andre12
3022,korpaikk
3023,xGlitchx
3024,ESEA
3025,Exploit Academy
3026,brsart
3027,Reckage
3028,Rubery
3029,manokoy
3030,Slendergo
3031,selotapemayo
3032,DmN5
3033,epicdjgo
3034,kartikraj
3035,smartbot
3036,xywz420
3037,scotbud123
3038,sirbonghit
3039,Levi
3040,ShinTakata
3041,hackinet5
3042,RickuHD
3043,JasperSmith
3044,Xerxis
3045,Ballpropb
3046,dragoprism
3047,Lex
3048,King Zhiar
3049,insanemaster
3050,brent1000
3051,tukcah
3052,Uppssss
3053,vousrim
3054,aman4o2
3055,GokuSan371
3056,bobodd
3057,Hot Potato
3058,semicat
3059,tome14
3060,Benji0
3061,lahensuck1
3062,PanSmuggler
3063,PAXMA
3064,ZEdZEro12
3065,AdamArInteCool
3066,Davirs1_
3067,DrunkenSailer
3068,aliffsarah
3069,rajudada
3070,easypwn
3071,cullthemeek
3072,Fear-Dog
3073,captainblue21
3074,knochenkrieger3
3075,nikonaz
3076,Dinosa
3077,wartype
3078,Alexandra171
3079,parasit0id
3080,Mahesazain
3081,PandaMarcus
3082,Viske
3083,[MPGH]Vader
3084,Not_Enough007
3085,Bless6God
3086,Dependent
3087,mfdoomer
3088,Brian62637
3089,slipknot1101
3090,chillybowl
3091,crazybotter
3092,EmirSlck
3093,elite092
3094,avocadoprincess
3095,gukom
3096,DaMimZ
3097,BTB84
3098,KeyStroker
3099,aquamancer12
3100,galsorinbobby
3101,LaunchKey
3102,supM8
3103,Yung Mountain
3104,iXL
3105,elisrael
3106,AcoperisVasile
3107,CH3ATER
3108,Yakaa
3109,Ronix97_
3110,nazeefo
3111,Al Pacino
3112,Kheron
3113,Ting_
3114,JohnEliteGame
3115,cryzonservices
3116,dudegoys
3117,JayDoesGames
3118,overwatchrotmg
3119,VespeneGas
3120,King17
3121,syst3merror
3122,firefighter25
3123,gwaren97
3124,jNNNR
3125,xXzhariffXx
3126,NeeqZa
3127,boynhkh10
3128,Danishnik
3129,youdeservetodiex
3130,cocok
3131,AkaniVn
3132,beansrreal
3133,Hazelnut Creamer
3134,Arbitr
3135,SirFapsWayTooMuch
3136,carnitine
3137,kevmaistro
3138,xTwinzySnipez
3139,jhonsond2579
3140,VivaLaVodka
3141,kolt54321
3142,RaidenElite
3143,Parog
3144,Jeff2Brine123
3145,xtek23x
3146,docoon1
3147,rushil69
3148,adni3down
3149,ImThePlug123
3150,Ook Ook
3151,maych
3152,Trywosty
3153,yair5652
3154,noman1771
3155,demoncheetah666
3156,michaelpwnsu
3157,Frenk01
3158,infern000
3159,mapeyeo1
3160,Heat123
3161,wrboismb
3162,gasdgsdggas
3163,Rezu1
3164,kasposten
3165,Mr.M?
3166,bogyka00
3167,damnyoucaptcha
3168,shotikoshete
3169,PrinceLF
3170,Elitev3
3171,boss334
3172,Arios123
3173,s711
3174,adamrawi123
3175,RuslesGUNS
3176,lordchanka69
3177,deanrnormandin
3178,husky2545
3179,dawre3
3180,marloche1
3181,shaynclair223
3182,Fmnuggets
3183,XtacticTheMadGod
3184,sshadow64
3185,cornerpath
3186,Abubukar
3187,doggomemez
3188,Jord12R
3189,max1kev
3190,Synching
3191,ChrisRobert9292
3192,roodso
3193,[MPGH]Mayion
3194,Conmanned
3195,MudaToxicity
3196,Yvettr
3197,efeay
3198,SrRevo
3199,LivingNightcore
3200,Joker200
3201,Jordytjes
3202,Altcoin
3203,Shikoran
3204,MiraclezBlade
3205,c0wsm0p2
3206,WilliamYard
3207,Verginator
3208,arjex
3209,hokejista18
3210,DeadParadoxPA
3211,Evan MacMillan
3212,vert3xyz
3213,Hackinet
3214,ACreeDZ
3215,iTzDestiny
3216,NonD3fined
3217,Nippyz
3218,oploditelj1337
3219,sergiu27092000
3220,akai7
3221,redbuildingbox
3222,thisisnotme6969
3223,wanderstate
3224,dzoavits4342
3225,Kunty99
3226,tony0008
3227,TheJimmyJob
3228,huangxiaochi
3229,jam199716
3230,U53RFR13NDLY
3231,Opexter
3232,rasmuskard
3233,MikeRaarupBirk
3234,TeufelsHerr
3235,Granttttttt
3236,Mido95
3237,butcher2017
3238,Randomtastic
3239,DavisXola
3240,ladidadus
3241,akkrelax
3242,Durham
3243,skidrowb666
3244,shawn28sanwakid
3245,Nuggetteer
3246,Becks1989
3247,Koksberg
3248,usernameturk
3249,deano321
3250,hb0000
3251,Haros
3252,starlike
3253,unstd559
3254,Zieba
3255,Oxydow
3256,abonaissa
3257,easyway around
3258,ClaushTheGreat
3259,nadav239
3260,Gurkensaftig
3261,Martin_Nino
3262,Pheonix753951
3263,3aJe6aHT.
3264,meyer545
3265,Duffkar
3266,Brendanfalcon
3267,agedon
3268,neilpotato
3269,jxmwow
3270,ShiftKeyBroken
3271,flatops11
3272,AssassinXS
3273,hfthfthft
3274,hextrose
3275,12345122
3276,Biesi
3277,issacgamer
3278,Spectre_11
3279,tortex
3280,propa0
3281,superhacksxd
3282,crisiscore1
3283,JadsterNZ1
3284,TheMikeSand
3285,twostedwrister2
3286,Berserker9000
3287,HugoZZ
3288,eplays
3289,JiiJiiJari
3290,thedaja
3291,HackerBat
3292,cristiancostica03
3293,MrCode5_2
3294,makslawrence
3295,zacothino
3296,letmegod
3297,Obliteration
3298,cjart
3299,Gunsession
3300,Rawn7702
3301,Triggathekilla
3302,septers
3303,SwingBlade
3304,bagera2469
3305,Crinxii
3306,gubernator23
3307,iBUSG0fficial
3308,jakeor
3309,Agent021
3310,Livux
3311,10bamberj
3312,echpayday
3313,202amaan
3314,Bloatyboi
3315,Abdul12
3316,SellingAccIsWork
3317,gigax21
3318,megandenisefox
3319,slaerrex
3320,kgsws
3321,brandon800
3322,regan002
3323,Cardi C
3324,erazuret
3325,Segwaym8
3326,SakuSu
3327,Nade9
3328,Qwerty1123446
3329,gW$RYHW$YW$YHWHerhRH
3330,Honoe
3331,MyTa
3332,gamer.freeloader23
3333,kazurengan
3334,D3Pleveling
3335,Buzzling
3336,MPower666
3337,jimdonut
3338,-Vinsmoke
3339,Mouii
3340,YukariHina
3341,Connquer
3342,MasterPieJie
3343,conbrio81
3344,xStormGodx
3345,mrgspeed
3346,LOLKOLW
3347,deadlysuffering21
3348,Lord Sammich
3349,xheus
3350,CheapAccountSeller
3351,puregkf
3352,TheShade1998
3353,Rider741
3354,brett4647
3355,lloydswain
3356,El Demonio
3357,hackey011
3358,Mike Sherm
3359,xoeddieox12
3360,hariharan@123
3361,iRuni
3362,robertik31
3363,ISellHoes
3364,bchen5476
3365,burnout915
3366,digyen
3367,desterpots
3368,grexyaustria
3369,hellblazer433
3370,martynbee
3371,PhantomV
3372,LLRAGE2
3373,iGraffiti
3374,Donee
3375,kulka12
3376,karam98
3377,alternatur
3378,Fortin01
3379,dan22gaming
3380,tony1243
3381,RandomUser3879
3382,gamingraptor
3383,DigitalFate
3384,jilk.owez
3385,bruger25
3386,jeis1027
3387,kgbeast7
3388,Bryzec
3389,ComboDance
3390,GimmeShelter
3391,Mr.Cleaner
3392,MoHatKnock
3393,siemo
3394,LeonPSN
3395,SliceZombie
3396,Brutuss
3397,foxwar50
3398,Szymeks920
3399,kyte03
3400,wootety2
3401,judgemento
3402,erfanxtar
3403,AmericanHawk1
3404,SrslyDrugged
3405,DE TURK
3406,yef7wuyefydvfaebfc
3407,filhand
3408,Madnesskiller24
3409,EvilGinge
3410,oTopo
3411,toby2449
3412,hernos2
3413,aidaniscool7
3414,fredbed
3415,Johncasd
3416,CASyHD
3417,Rem
3418,furyzzcoc
3419,KehnKehn
3420,SoVZ
3421,memeshammy
3422,KEEPITONLINE
3423,usernameisuserNamE78
3424,TR4C3
3425,Pimlico
3426,Mr. Burnham
3427,Revzzy
3428,JohnT92
3429,Nespal
3430,Mikael86
3431,YumYumCake
3432,zMythril
3433,spadbarnet
3434,rec1
3435,BigbyBoss
3436,DigitalSaturation
3437,sin00713
3438,VenizPlays
3439,Kiruuu
3440,lisanew
3441,ttony111
3442,yeezyzebra
3443,biimax08
3444,repsich
3445,jrdn2345
3446,gospodinera
3447,elsonn
3448,adiajmal
3449,cuteboys
3450,bosturk
3451,RaziheL1
3452,jecheat
3453,TheShellGuy
3454,georgwhite
3455,sgtswagger123
3456,nath.gil009
3457,.Islah
3458,iamshadowx
3459,SPOTLIGHT
3460,Delta1162
3461,Selcouther
3462,Fondlemytaco
3463,DeadMenxD
3464,OsisHoris
3465,Soeldner1992
3466,kadabrazz
3467,tinasoft
3468,SleepyGenie
3469,vitolixzy
3470,Flipline
3471,bigblackmichael
3472,ChaoticDev
3473,gmos00
3474,456gba
3475,shavda
3476,starwarsfan999
3477,danielbryanyes
3478,mistyc_mago
3479,Oran2009
3480,mrdeadddshot
3481,Reindeer4life
3482,iAdrian
3483,Ivary
3484,sk1ttlezzzzz
3485,JaneD0e
3486,Ninjin
3487,JefferyBelfort
3488,PARANOID1221
3489,Vital Elo Boosting
3490,Ulff
3491,ixk42481
3492,peytonkiller
3493,R3f0rm3d
3494,fourfortyfour
3495,alinin
3496,DvASystems
3497,Stealzor
3498,suarashs
3499,Denis1992
3500,Color
3501,HybridTheCheater
3502,N7ckgakis
3503,TryHardKing
3504,ronjeffrey123
3505,ilme
3506,Morbid213
3507,drdrdeath
3508,hadrianswall
3509,smallpig1
3510,sone805
3511,MikaTaro
3512,dontleaveblank
3513,steampunk123
3514,komandirbk
3515,anguy
3516,usernamedd69
3517,bruno sas
3518,helloASDF
3519,pombear5000
3520,Silverbeatz
3521,marnik222
3522,shysteve41
3523,Dekad
3524,FloryCT
3525,Bearjew1941
3526,decomarius
3527,ItsKarim
3528,theimmortalfire
3529,FlashNinE
3530,PresidentBill
3531,hulu2021
3532,wrex-
3533,pigass112
3534,kaleddu7
3535,Itzyoboyair
3536,Quarions
3537,viktorpagy
3538,kaka18
3539,Keylum
3540,monsternoob43
3541,adam156
3542,cenzos
3543,Toutano
3544,grant1344
3545,potangi
3546,lol2k18
3547,piratuonline
3548,Lunafr0st
3549,xtremenetwork1
3550,USZoneSoft
3551,bihu
3552,mred47
3553,CobbraALBZ
3554,jimharrington
3555,R0B3R70DJ
3556,altobo123
3557,manga55
3558,qelencer
3559,CraziiTim
3560,Juiirpa
3561,idkifthisisvirus
3562,xavier1400
3563,KanyeWest
3564,kth52
3565,pradipthapa
3566,BestRanked
3567,uoz2734z8d02
3568,PinkiePie111
3569,tr34ble
3570,Yonie3108
3571,Shahril97
3572,guidoplugge
3573,OwenHendry
3574,vila2000
3575,Skottyg89
3576,Syberia
3577,Mourad67
3578,UDMURDS
3579,gamer20001
3580,Football6
3581,Softmumu
3582,Nfllen
3583,gerarddyy
3584,__Xen0
3585,YwheHERHerhe$yh$yhH5
3586,hjy166166
3587,iJoaq
3588,DOTD100
3589,ForeverRush
3590,YourUberRideIsHere
3591,surftsunami
3592,xCrawly
3593,Name
3594,Cyanest
3595,Setura
3596,deltaviolet4
3597,nochillkowa
3598,amedra
3599,nitrix321
3600,empathy1337
3601,GWZ01
3602,herne123
3603,CoolSense]
3604,StijnNafteux
3605,fugasnus
3606,Cosstaify
3607,Ohmychua
3608,foxanders
3609,marflow
3610,svenssson12
3611,miglander
3612,mikieduard
3613,filipexxxx
3614,BlueSnowball
3615,18116300508
3616,sharkfin97
3617,Theflashnot
3618,rocalota
3619,limulol
3620,Bully6109
3621,gorgox123
3622,baploggalt
3623,johnpaullazo
3624,rdas
3625,Teroli
3626,yomama8888
3627,waterheng
3628,iran346
3629,kobbe2
3630,Hellbender360
3631,RainYT
3632,celesteislegit
3633,silohxx
3634,VRMGOD
3635,markngu2
3636,Crucchyboi
3637,cryptxs
3638,iphoneuser123
3639,ManCake
3640,TAuFTW
3641,ALKA_SEXUALKA
3642,nasirkhan
3643,ossimc82
3644,kekita
3645,Rifat-1993
3646,fikriganteng
3647,dpoku
3648,chwan521
3649,darkhissy
3650,rodriGOD
3651,Charlesy
3652,jheimer40
3653,mingyu7732
3654,SerGioHacks
3655,lelaci
3656,thedjtbear
3657,czaarek99
3658,Hyd
3659,lanuncyber
3660,SenshiEndor
3661,Unbanmedick
3662,DLirio
3663,sketchedits
3664,SocialVerifier
3665,ArmyFrame
3666,asdfroror
3667,iBuyAmeriKKKan
3668,jarulpogitorres
3669,thezxcvballs
3670,kantashi
3671,Patruxe
3672,bruh97
3673,MySoulsKatana
3674,q0033669
3675,richiebo
3676,EGiacomini
3677,Cyber-shop
3678,HollyCreepLP
3679,Warlock777888jr
3680,mrnutty
3681,mhakeemie
3682,Jonathan_Diez_
3683,oxzus
3684,w4pro
3685,eth0s
3686,smok146
3687,jajjemen
3688,ATinyLemon
3689,Evitor
3690,HostOverload
3691,MarcoGazz
3692,arabbs
3693,XXblizzgamerXX
3694,Msloyski
3695,BioBauer1
3696,smityhead
3697,Afroist1234
3698,Nixies
3699,EddieBravo007
3700,Khaiii
3701,v_jones_yt
3702,FrozenUnicorn
3703,leon.drg
3704,royalali99
3705,Ottah
3706,gravity-
3707,Night_Stalker
3708,junio1980
3709,haynaku123
3710,Microsoft_Provider
3711,dosthefake
3712,critikal17
3713,DarkSideBoosting
3714,IblindI
3715,overwhelmed owl
3716,OkieDokie:D
3717,nostalgia1968
3718,joreneloota
3719,Pro
3720,eldiablo-
3721,egft
3722,BroGuy888
3723,Syephro
3724,noahsax
3725,Kotal_Kahn
3726,Lehsyrus
3727,fuckingrunmeover
3728,CobraOde
3729,Kronos83
3730,filosofo
3731,hipergabor
3732,BuijaLoog
3733,kubusiek01
3734,jonhef95
3735,maximusminer
3736,UnBanDildo
3737,MarkPla7z
3738,n0thinghere
3739,-Nova
3740,DarQScreaM
3741,Lefftcracker
3742,Tepelnick
3743,Drakster
3744,xXsquaared-
3745,livekoz4
3746,zataliots
3747,Egert01
3748,vievx
3749,mathewbroad
3750,pauloastig
3751,mrbud420
3752,saefs
3753,dreek1
3754,DECOY22
3755,HUst0n
3756,Parash
3757,googii
3758,spusyy99
3759,unicore
3760,MatPian
3761,xxannette
3762,Butzikutzi
3763,SeniorSappySap
3764,Kickassaldo
3765,Timohabelarus
3766,liuchen35
3767,BoredBro
3768,BilbGame
3769,Nevaa
3770,xxheadshottingxx
3771,Timmy Turner
3772,djohnson92
3773,darkmarlon
3774,THELASTALPHAUK
3775,ozilcr7
3776,PADO
3777,nightlites
3778,SoFarOK
3779,mindblower59
3780,solarflareyttt
3781,justamexi
3782,tnqor
3783,Toxin
3784,leonican
3785,Crypto_
3786,deviill2015
3787,metroprofile
3788,KnightZodo
3789,gunblade1
3790,6ix9inexD
3791,baturin
3792,Davidn17
3793,Loot.
3794,12packz
3795,Odysys
3796,sebastianfra12
3797,freedom12
3798,izaxx72
3799,National5
3800,Iggy
3801,Dimas08
3802,jedmofo
3803,jeff2142
3804,RubiconT
3805,shappers__
3806,Alberihno
3807,meksiu
3808,AbudadaJikosa
3809,NizarKH
3810,Shahrukh2118
3811,Si_Encan
3812,Timotty
3813,colors101
3814,NasRus
3815,DavidX9
3816,mth17
3817,MelyWulf
3818,defalt_360
3819,denziel87
3820,kent91
3821,gianghotv
3822,Ares91
3823,chicothemonkee
3824,techcax
3825,Brisado
3826,rockwings00
3827,corolasupercar
3828,Major_Bongu
3829,shredible26
3830,ohnomemes
3831,ataman504
3832,tsarmat98
3833,Megumikatoo
3834,syndicating
3835,TomM1337
3836,iSlayer-X
3837,Donat
3838,Nostam
3839,TCanadianBacon
3840,KingCoreyy
3841,Er1cL1n
3842,j0ahz
3843,sakone54
3844,mati007x
3845,WixHax
3846,eSuuu
3847,jesusisreal231
3848,Thiago9CLASH
3849,habik
3850,kassen
3851,InvictusLays
3852,Accountbot.sh
3853,d4rkwizard
3854,Formenos
3855,odaumiez
3856,Mikail9912
3857,eosride
3858,Agent Carter
3859,2ponds
3860,MaxHell
3861,Johannz7
3862,Alen
3863,rlucho
3864,dymartiin
3865,vipmasta
3866,Unshippedbook156
3867,notMoro
3868,IkBenDeGamer
3869,Schuba
3870,Peanut
3871,soolvi
3872,OneCoolHombre
3873,ShlomiRex
3874,Dildo
3875,tvgh
3876,killer2606
3877,curtaincalled
3878,Mikkke1
3879,oneandonlyrod
3880,kraytos123
3881,ArtichaTM
3882,momseny18
3883,Zeemeeuw
3884,Dragonporn
3885,Soban_59
3886,sofargone
3887,auslander
3888,lukash54
3889,sn1313
3890,gregx
3891,tiktak70
3892,Inga12
3893,Mario4736
3894,zozonono
3895,edvinas234
3896,gwolfmoon13
3897,troiaaaa
3898,Firselo
3899,rawr012
3900,SpOoB
3901,physiogel
3902,CheepAlts
3903,Baby
3904,xshindoux
3905,malfac009
3906,McJag70
3907,godspeedmaster1999
3908,ReMastered
3909,juntyjunt
3910,hongniuhouke
3911,n0bodyM
3912,Borndel
3913,KovacicMateo
3914,SuaOngTho
3915,john way
3916,StarVsEvil
3917,MMOApq
3918,DolceCaBlana
3919,tsuphaa
3920,Bellucci
3921,Tortellini25
3922,WhenWhatWhere
3923,thedaddy8383
3924,glynh10
3925,Bepsei
3926,marco8686
3927,wl01551836
3928,coinseller1
3929,resn
3930,DeltaProgramming
3931,Stidwack
3932,Migulin
3933,midaregam1c
3934,Rept00
3935,HankResoplay
3936,FakeHappiness
3937,Crsj
3938,phorecast1
3939,pestashop
3940,MasterFuhrer
3941,Zirandani
3942,rawiz
3943,4nusiekxd
3944,nimaj
3945,k4545k123
3946,Deerhound
3947,pean153
3948,vistamaxa
3949,Sansanvi
3950,balu1408
3951,Perconte99
3952,Dariuz93
3953,blackpearl9798
3954,branoaea1
3955,Zinx.
3956,naruto1471
3957,osk67
3958,Snowy Huskybutt
3959,DChan88
3960,Gradient
3961,Bescein
3962,dominantgore
3963,Kizaru
3964,manditogon
3965,-Setro-
3966,keifism2
3967,fatmanyeah
3968,xvirtue
3969,twistdropshot
3970,UrbanHacking
3971,zombielols3
3972,mouradkillermax
3973,CeL0
3974,boris233
3975,Sorun
3976,Nick83751
3977,stackhack
3978,Vinzzard
3979,Lost Boy
3980,AyoKoky
3981,PeterCheats
3982,SocialMediaShop
3983,mythical13
3984,rynalexking21
3985,BitDoggo
3986,evilash35
3987,IndicaJr
3988,Froz1231
3989,udmurds1
3990,Tinys
3991,wellingtoncpv
3992,checkpoint34
3993,jomo1150
3994,fatpenguinlmao
3995,dakhia2012
3996,damkgp2
3997,[MPGH]LilyLoli
3998,popi369
3999,Kennys1
4000,Crushthebug
4001,Ssean99Euk
4002,bolik
4003,boomeroid
4004,borok420
4005,Polatkca
4006,apt
4007,jinxemit
4008,Kokotmaterin
4009,iL0veY0u
4010,PhilCristo
4011,iDishonest
4012,Strident
4013,tommie1992
4014,SpaceCreation
4015,wilsonx
4016,Aborted
4017,Refund.pro
4018,dfireball
4019,anirudhfree
4020,ScratchedHacks
4021,BlueSquid321
4022,templarassassin
4023,sixxkilur
4024,Czar
4025,hashtaqq_kim
4026,rina717
4027,Wicked`
4028,exertency
4029,Space234
4030,WRYGWE$Gerhgerherhrhrh
4031,burntmonkfish
4032,Shnawk
4033,artoha
4034,ClareA
4035,BiigNutt
4036,TsuNamiTownx
4037,Gainer
4038,looplaws
4039,Boompow2.0
4040,lxlramlxl
4041,DaweDie
4042,Aidan_N
4043,Azuki
4044,Ams01174
4045,kokocane
4046,Fissetty
4047,Guekeren
4048,st0oner
4049,rolandulmer
4050,masterking95
4051,TeSquarcio
4052,mshee
4053,hackerich
4054,Accabadora
4055,_Bobby_
4056,kobo123
4057,X54
4058,NeedACCOUNT
4059,Exain
4060,MarlonKns
4061,DarknzNet
4062,koza95
4063,spaniard388
4064,Likith Varadaraj
4065,puks06
4066,Billionom567
4067,Dareboy
4068,Zer091
4069,ri8ver8chasin
4070,kevvv1
4071,Pallstar
4072,ItsTheBeasty
4073,Guardian
4074,Jpvic
4075,YG KiiNG
4076,Poison
4077,ghozizzz
4078,zoma0
4079,lynj321
4080,JarlMiyu
4081,Demon
4082,AWERHGAEHaeheheye5ry53y53y5
4083,Note Book
4084,dcrazylegs
4085,LuxureDepuis
4086,ArenaSlave
4087,astujis1
4088,Sakimoto
4089,dom12360
4090,DreaM-
4091,Cash Sense
4092,jamesjones16
4093,booboobear
4094,AngryStyle
4095,Roddy01
4096,SErkol
4097,Chazstic
4098,Turtle
4099,MushyyHD
4100,Merforga
4101,Free0xHigh
4102,thegayalpaca
4103,maontheuspl
4104,ryansalvedo
4105,GappyModz
4106,epicnamedhacker
4107,WeBoost
4108,StaindHart
4109,Runningho22
4110,Amirulz24693
4111,HighQuaIity
4112,g1ns
4113,shagonas
4114,pr0xydev
4115,eithan123
4116,eAxisHacker
4117,Gollyy
4118,JakeFeeds
4119,avatarfighter
4120,ModernRogues
4121,AestheticPotato
4122,> oof
4123,Sergiozsalinas
4124,pito12
4125,JnRoberts
4126,nemoxd
4127,maxwellray
4128,TVS5281
4129,nicolas17171
4130,depasso
4131,Dudewtfboost
4132,Tjeerdo
4133,dmax1
4134,Bilex
4135,AdobeStock
4136,berkeozkan1
4137,Salty
4138,xTheJok3R
4139,loud789
4140,lyxanas
4141,flaffel
4142,Plus22
4143,kakakm12
4144,dnzfrttnc
4145,awnutswtf
4146,CsgoGoneWild
4147,negropizza16
4148,antonio111
4149,MrEegnaMods
4150,Iamlamaseller
4151,DasDing87
4152,crimsontiger12
4153,Wilkuuu24PL
4154,Trippytrip
4155,istylehun1337
4156,ArthBlau
4157,erutxo2
4158,Fei Fei
4159,drealizmo
4160,yeahmate[]
4161,Ralle_LF
4162,cdndark3
4163,BeanerBoobs
4164,coolseller
4165,ShihanShihan
4166,aznanimality
4167,TemplateYTR
4168,BigBangSE
4169,jwinchester1995
4170,CheatBase
4171,Adrian230
4172,MyLateRegistration
4173,holyfuckthisemailshit
4174,mysteriosx
4175,Swagenmite
4176,01143
4177,bandix
4178,KR RiceCakes
4179,Hayters Folly
4180,billy_917
4181,tmpusracc
4182,AZanderDyn
4183,pirzada
4184,lasse3d
4185,DJBronyBacon
4186,CSGO G0D
4187,senorinu
4188,zycamzip
4189,xRuthlessXT
4190,jolzarr
4191,CakeyCakes
4192,SZZE
4193,msalah02
4194,Banditorin
4195,erina1995
4196,drake_5959
4197,norisk
4198,alphakenji
4199,despair123
4200,Emil414
4201,StoodUp
4202,SteppenWolf.
4203,TheOldPoster
4204,Hustensaft Jungling
4205,meemberries
4206,HagelslagPakje
4207,spy222
4208,tuah1992
4209,Rexsin
4210,CrazyKkk
4211,AVAlolista
4212,fgxaqrwat7t2
4213,dronsssssss
4214,magez123
4215,Shadowblade123
4216,Blood_Harvest
4217,CottonLSX
4218,elbojoloco
4219,shanker33
4220,xDamocles
4221,FourSyllables
4222,Gamer_Freak1
4223,Lordik_
4224,siemar9
4225,ARetardedSkwid
4226,hackerczextreme
4227,SOMEBODYHATER
4228,DasJens
4229,iL33T
4230,Fr0sty1235
4231,dandresh
4232,NiKolas2017
4233,mohamedalitorki
4234,michaelsone92
4235,Baow
4236,MoistBum27
4237,RNA AnubiS
4238,GMplayer
4239,f3lla
4240,Locodice994
4241,thiplol
4242,UnSponsored
4243,sevenx7
4244,IvailoXD
4245,haema
4246,d3alitnow
4247,apongindra
4248,Number Mountain
4249,Snake
4250,Bluepenguins
4251,Thomas44nantes
4252,ronoazoro1231
4253,gurall1
4254,Blackluca6777
4255,nouname_nouname
4256,LeakedMania
4257,DenDuff
4258,NYCSavage
4259,n365241
4260,nimrook
4261,DecoderCoder
4262,Snowolf69
4263,Jacomob
4264,1 800 BIG DDOS
4265,BlackReaperGER96
4266,Fares
4267,HyunWo
4268,djdazzal
4269,lakesr
4270,fartman007
4271,carlo2carlo
4272,SyPrusLS
4273,lolkol11223344
4274,MrTesla
4275,Johnny
4276,omfgabriel
4277,hunterpalmer035
4278,SonneDS
4279,V3nus
4280,cryzthopher
4281,imsonub
4282,thiagowinters
4283,outofmana
4284,Killer Be Killed
4285,davidovila
4286,j3ll3jari
4287,Natiiix
4288,Reaper :)
4289,irobot443
4290,Boy312
4291,PurpleS
4292,zarleo
4293,MichaelBorg
4294,Cakerobber
4295,soares
4296,LittleKittens123
4297,lordvoldos
4298,Akwa
4299,emir_sofia
4300,Estatic911
4301,Dorinda
4302,JaAleksa
4303,Joker8412
4304,natsu445
4305,marcospdrza
4306,fdine
4307,Bangel
4308,KorYouZ
4309,JYTIE
4310,La Quica
4311,luxury187
4312,N1njas
4313,burakhappy
4314,Bartt
4315,lynx_p
4316,Antirip1
4317,Djek2222
4318,DrFree
4319,lamprox
4320,Maelificent
4321,urvianoob
4322,[MPGH]Cuckhorse
4323,neocsgo
4324,Vichihano
4325,Jumper78
4326,TheWickedSandman
4327,TeaLemon
4328,wheynwheed
4329,lucast2014us
4330,JT23
4331,momeyounowit
4332,diegosarria123
4333,SteveRobs
4334,JospehJ
4335,NiBrA88
4336,MisterRave
4337,kspiegler
4338,Phoon Legend
4339,OCEANMOTION
4340,JDboy
4341,jpdias
4342,Raphx
4343,noam153351
4344,vikurthi
4345,SirSparky
4346,coversmiley
4347,ClothedKing
4348,SuperbGamer
4349,XXIV_VII
4350,clw
4351,Onay!
4352,Jinx Returned
4353,thered bantoo
4354,jonah976
4355,Parliaments
4356,Disterso
4357,cas1no
4358,SoulFrankenstein
4359,Turmoilx
4360,Toosafe510
4361,Cryogen235
4362,TheShadowhand
4363,Rep+
4364,gutgutgut
4365,BulletWulf
4366,KushKilla
4367,Kuboid
4368,CizyZaShadowyCat
4369,Amir4243
4370,coolchad
4371,cgertrude
4372,wavygod
4373,DoktorStyx
4374,Kuopiotis
4375,Thisaja
4376,burton213123
4377,kopikppp
4378,Exotic801
4379,BoSs2K17
4380,onche58lol
4381,PhY'z
4382,mspadam
4383,Fizgig
4384,XarkusYT
4385,bob wants an apple
4386,fluicity
4387,sktkkkk
4388,w1690034
4389,CaET
4390,Ren4rd
4391,Ebenhaizer
4392,nanohits
4393,the_subi
4394,sinjanthu
4395,iSnowKappa
4396,badneuenahrahrweiler
4397,zyga30
4398,hack1234569
4399,lindra
4400,2H34
4401,TheVaNeSenS
4402,RustySteel
4403,Pariaman
4404,Desire
4405,ARKRafay
4406,Sakuri
4407,ij345ijwt34iujgodrst
4408,TheCranberryBomber
