0,painkiller
1,ihatehissite
2,Pratham
3,Dark TruTH
4,Swapnil Haxor
5,ravi0225
6,Drax00
7,elite92
8,Satyajit Biswas
9,sh4downet
10,Phoenix
11,Pritam71
12,Mr.HacKer
13,tonnik49
14,DeadManIndia
15,Argos
16,winrar
17,skphero
18,sweetboy1
19,sharp001
20,thomas
21,DrSpy
22,TinCode
23,locator1961
24,security
25,luckmangamer
26,Sarfroz
27,bullbuster
28,aali90
29,error121
30,Rockstar Vishal
31,med_bad_boy
32,shadow11
33,nightmare
34,iamalone123123
35,Tony
36,levito88778
37,Ajax
38,Dark
39,zimbra
40,privateloader
41,AVILBOT
42,Amanat Khan
43,montana
44,Mehdiii
45,prasanna
46,realbusiness87
47,markswe
48,Vilhelm
49,teamgfx
50,N3t Att4ck3r
51,Mr.PERSIA
52,hacsogen
53,Dina Omar Afifi
54,neoh4ker
55,Ph
56,n33r4z
57,gwuapmaker
58,pianoallegro123
59, c0d3r
60,rafaelcarioca7
61,Sreeram Havoc
62,Wasim Akram
63,aabee
64,Ir1337
65,abbio4real
66,arcbal
67,silverstone
68,oviezane
69,~Drana~
70,Chirag Sukhala
71,Jack Johnson
72,soonk
73,mhu.w4rl0ck
74,RDGMax
75,procoder
76,marutirao1
77,p7771
78,Remi Girard
79,zawawy
80,Marcin Er
81,besttechnoblog
82,g00dv3ndr
83,hack3core
84,Neeraj Kumar Lodhi
85,sinfullgatsby
86,keech
87,Hacking King
88,Karan Kumar
89,Mohit Singh
90,InTrUd3r
91,Canyon
92,Bhupesh
93,Lu Ka Lay
94,mr.ego
95,saket.king
96,cdonou
97,coindaylol
98,The Blake
99,mariosg7arta
100,delamar04
101,lpcgang
102,vbhootna1
103,Culleen Perez
104,inkbird
105,evanscott
106,blackhat
107,Diabl0
108,Kasparov
109,tnieiasAAC/k
110,xp1910
111,Himanshu Yadav
112,Gorkem
113,Thomas4
114,hh486
115,Gar
116,Tesd Dunn
117,Qovuqa
118,Daredevil
119,abarznji
120,MrBang
121,prpellr
122,Internet
123,smartyyadav
124,Roger_Rabbit1337
125,arjunkhanna29
126,Jacob
127,hjepsjga_94
128,tornado
129,$root
130,mcmanuel20
131,Neeraj Punjabi
132,kbt0000
133,oba11
134,Night Rid3r
135,nptest
136,secretsquirell
137,sirius64
138,vps.cracker
139,Foksi
140,Raj Haraniya
141,JohnDoe
142,unbelieve
143,KasaLP
144,jegr said
145,pirateprince
146,tutmoses
147,Noobusinghacks
148,wapfalls
149,krugerhacker
150,ziamulyana2
151,Navjeet Rathore
152,rafiqctg2038
153,cyberghost
154,noob0x3
155,markben390
156,FAA!bio Bagattoli
157,nae
158,bourdj
159,Anuraj Vklm
160,Mortal Zeus
161,Makinged
162,blackzorro
163,Nsycak Owo Gcfr Snr
164,Dato Japharidze
165,pianistanero
166,ByCoder
167,#zer0
168,FloodSys
169,SystemX
170,rainbowconnect
171,mdmsd2
172,Malik Ubaid
173,gnaikmailbox
174,rel.vendor
175,Slilsis
176,Patel
177,canino1997
178,w266
179,GULJANJAN
180,Albert Ruzvelt
181,ipadlover99
182,AN0N.PH03N1X
183,goodhacker
184,Medicalsoftware
185,geekmango
186,3qrab12
187,jarbukk1
188,sathyaZ
189,jackregan1
190,hacker.nima
191,cybdom
192,jjoorriissjjuuhh
193,sirrobinho
194,Leaf
195,jinxrr
196,Had3z
197,Tabakk
198,zabadak
199,-=_ Cyber Warrior _=-
200,crucio07
201,thewebrat
202,Kilaz
203,Creed
204,HardTrickySecurity
205,desswilly
206,provider
207,toodast123
208,rockboy69
209,Ghost_lite
210,cleansoul
211,Apocer
212,PhoenixX
213,steva
214,rmtdxb2011
215,Alina Irfat
216,y0ussef_hesham
217,troxy
218,klthingz
219,sunpise12
220,Njunior
221,ChrisLiven
222,femmyoju
223,crack_anonymous
224,david01
225,zZazaaza
226,issam-lord
227,Sourav Kumar
228,amirho3ein
229,pcsxiso
230,pcsx.is
231,BrotherBe109
232,pinkus66
233,daodao.mo
234,contatowork
235,BDM
236,whalemaja5
237,CyberSeason
238,spyjana
239,ausarmy13
240,talk2dallas
241,Pr!M0u$_9
242,rawa1416
243,duomnudan
244,powerful.NT.rootkit
245,princeventures
246,callen3345
247,TheThetheorist
248,nury1234
249,gleese
250,Kripke
251,Bsocial
252,realvand
253,xReM1x
254,banned212b
255,something
256,D4rK_w)lF
257,orxteam
258,f100d.club
259,lalalajpat
260,rjmz
261,Biokinetix
262,Ghenghis
263,win2lin2015
264,scorpion2015
265,pci53305
266,jaswanth
267,amionxp
268,restart404
269,misteroffensmis
270,cyberx
271,thegiant
272,f100d
273,unnamed124
274,rokoksurya12345
275,KILLERcallum17
276,Zodiiak
277,kazuto
278,rick9890
279,leosmith
280,sponegbob123
281,hackmephrak
282,foros
283,gugera
284,dogpen
285,XanaGold
286,Anyone8
287,MaxyOne
288,lino08
289,mr.terminator
290,Gmebe
291,Shubham Prajapati 23
292,xxpert
293,fred2222
294,boubslodia
295,PRINCE777
296,kaydashhh
297,arhacker9
298,ToxicReaper
299,vseries
300,aircloud
301,dannybaker
302,marsal98
303,0x3a
304,dbradleyrr
305,Marvidbrain
306,Apocalypse
307,Polymorphic Plague
308,phantomninja
309,jlroberts
310,nishu1712
311,blackrav3n26
312,blackhat240501
313,UsernameAndPassword
314,ro0t
315,vengatvj
316,Quantum_Pirate
317,irmo
318,c_wizard
319,leonardbelen520
320,wra1th
321,learnProg123
322,L[?]ucEnt
323,Zearos
324,slayerivan123
325,MattzLeak
326,Ghost1991
327,Etnica
328,omnirat
329,captainlp
330,SIK3R
331,pheonix007
332,markhinkle
333,k_samus
334,Fadgoini
335,PayAsYouVPN
336,KENT
337,demonnet
338,trongmaxxis1000
339,Bond Benz
340,sou4u
341,theking0fhearts
342,defalt
343,LinuxPhreak
344,anniebiafra
345,ELITE HACKING
346,elitehacker4
347,Dragunman
348,Anastasia0805
349,jusoul0
350,gustiano
351,mrtea_z
352,d4rkst4r
353,snprzq
354,lidi
355,iCracker
356,toolxsx
357,ShadowNet
358,qwerty
359,Mike.
360,nihadex
361,rafipunchiri
362,sudharsan P
363,Politeasfuck
364,Rosalia
365,pm
366,mtgoox
367,ojorufus1
368,horinhook
369,Commander1256
370,meely00mm
371,jamsheedjunaidy
372,asad220678
373,mehdisarvari
374,cybarex
375,4dhtrz
376,manny1976
377,Cra213
378,alchaka
379,DIVICA
380,FAKBEN
381,William
382,IDKWTFIMDOINIDKGIDK
383,madafaka
384,oruam1203
385,damrivererdam
386,jujitsujas
387,walexzzy
388,undefinedparameter
389,Azairek
390,Guru
391,bango360
392,pootr
393,wocks7416
394,nothing
395,commander
396,theplayer232
397,dcaeon
398,tekide
399,PARADOX305
400,ejikeokoroz
401,royroger
402,kayr0x
403,powerofsmtp
404,actwoply
405,countyfree65
406,nullperson
407,Ashnah
408,fatch1nk
409,drunkensouthern
410,daavo
411,Mr.Anwalt
412,cliffordaz
413,pahan
414,FirstAnonymus
415,harli3quinn
416,GoatSimulator
417,Elite_x
418,chapsmart
419,zeushacker
420,puppysluck
421,rapper
422,SEMWORLD
423,Revplit
424,EvilNet
425,MutexFateMuM
426,I_Sloth
427,xkidduh
428,karthikkrishnan003
429,mercymorrgan
430,massesse
431,1488wood
432,picates
433,armando lesaj
434,k.d
435,bllkhan19
436,freddie57
437,Dark_Sky
438,White4142
439,PurpleOldMaN
440,aabiitkkalle
441,xmarco80dgl
442,D4rkbot
443,KPC127
444,Stryker Hacking
445,WannaBeHardcore
446,spirited_wolf
447,Stromwind
448,Nerol
449,Naughtystacy
450,bl4ck
451,cooli
452,pew
453,hruday87
454,corbis5
455,elite_hackers112
456,ywigaraa
457,rtshurid
458,vanitoo
459,AdamWilfred
460,securityexploit
461,mmahlassjuba
462,ragebooter
463,pahann
464,AFTERMATH
465,ooosss00
466,0x4h4x
467,hacking9197
468,mr.radhouane
469,weatonsrcool2
470,Its_sanket
471,xboyy2007
472,greenheaven
473,ComPlays
474,ganja
475,lgeorge5hu
476,firstLight
477,trammat
478,dandan1903
479,MrPickles
480,sinail
481,AnonBuzz
482,joker
483,jord4nroo7
484,BaconCookiez
485,kilabot
486,theturk778899
487,Jax
488,loclubu
489,jo619
490,A B A D A N
491,@n0nym0us
492,dragos260
493,twistakelv1
494,gouravvemula
495,Im33
496,sch1ndl4r
497,realtimeplayer
498,jamesbrooks
499,DigitalCorrosion
500,rayxxlutar
501,DoctorDroid
502,jinefer
503,mironn
504,NetDragonz
505,johnsmith44
506,boksha
507,du0ng.t4n
508,CodefireISascammer
509,mientors
510,newh
511,rumpelforeskin
512,tomarraj008
513,goodstuffs100000
514,fr1zzer
515,saucey
516,terryp001
517,kathleens111
518,autumnpee
519,corporalchuck
520,toolx.sx
521,NikBim96
522,TubMaster
523,mirvin
524,sean tissle
525,farouq
526,anonymous9991
527,MeeLOs
528,Yoyo2016
529,Xbills
530,CyberOnline
531,zumbray
532,SKY.FACE
533,TEAM-DX.COM
534,Vyndar
535,ryanj211
536,Opanon
537,nba87st
538,datadot
539,Doe22
540,xepr0h
541,bitchgotraped
542,Surya
543,phill
544,Ezekial Christ
545,tipaklong014
546,MAA(r)nd HAAaAAC/kAAar
547,Olamide Lala Olufade
548,Snow.Eskimo
549,Fex13
550,Kernelcop
551,Dhirajsinh
552,Akki
553,lm4099
554,shorty420
555,Danish Anwer
556,sss112233
557,Rabbit Hax
558,Cookie Steal
559,BestOpenVPN
560,firegirl
561,HKhan
562,vyrus101
563,Greenmesh
564,air
565,kingeze
566,PRince CHaddha
567,fxhelp
568,kapila
569,ar3t4
570,M4xc0de
571,spybusterx
572,rajwin007
573,Sachin R. Suthar
574,MegaMind
575,Bedi
576,gara
577,kristina
578,dachofan
579,shrawansingh
580,Heena Brklyn
581,dante12
582,bitshacking666
583,azag
584,pedropsb
585,calson
586,gharibe007
587,spykid
588,dracohacker0
589,Shubhankar Kahali
590,Tmt
591,moneymanchineman
592,Nell
593,a2424699
594,epraveenns
595,alkalinedemax
596,Doc Vaku
597,hydra11
598,coleslaw82
599,hackxl
600,zSpoof.Com
601,dotking
602,p1st0l3r0z
603,azeemkkc
604,hTTp
605,samisha29
606,onunkpa
607,Rajeev Ranjan Sharma
608,ranjanbawa
609,W00lfe
610,mrprofficient
611,Mafia Jordan
612,rondadevil
613,jimsy
614,Lucky Singh
615,joy1982
616,-IP-
617,Vugorek
618,ansh001
619,Ashish Bhangale
620,cloakbits
621,pips
622,_morpheous_rj
623,Balvant Ahir
624,iDecode
625,FutureBooter
626,blueproxy
627,S1L3ntSpl01t
628,v47093
629,JSL007
630,DeepFreezer
631,crownwealth
632,webr00t
633,Pix3l P0w3r
634,euro
635,xian1988
636,greybat163
637,charmeur
638,sammohung
639,shankarcse
640,Ender
641,vn5socks.net
642,Slowpoke
643,xracerx
644,ahmed706
645,stoneythejayss
646,dominicanmpr
647,vaibhavchvahabra800
648,netro
649,Saj_plug
650,MohameD
651,Samscam
652,soh3l
653,eliabaitel
654,19mrobinson
655,ItsRaven
656,Clossed
657,ozgursevgi
658,(._.)
659,securecrack
660,newyear
661,stoc|
662,lina_7155lina
663,md11
664,ngocanhnckh
665,Fyzny
666,arunsiddhu
667,cwvps
668,13getchecked1818
669,sunrise1144
670,m4d
671,phamngpochathu
672,xbattousaix
673,anthoniokaede
674,T3am
675,manxem2im321
676,sasoriakasuna
677,badboy7718
678,xxnexissquadxx
679,alexyalexyal
680,Bruh(tm)
681,Specter
682,darktoolkit
683,Forcemaster144
684,aalek
685,teekaygold
686,lar60l
687,backupz
688,G0G0G0G
689,irufaan
690,Spl0ite
691,Mickie007
692,saxzo
693,Skuj
694,MattzPasw
695,leen12
696,Kenshiro
697,Arty1983
698,djpipo13
699,IngemarCarlsson
700,slayerjain
701,cramo
702,majorharry
703,gokulgz
704,aryanxp
705,u3419940
706,general_man
707,Quick
708,antoni
709,weedisevil
710,bl4ck-spid3rssssssad
711,twotnwo
712,mk111
713,x-change
714,vknight
715,vic83
716,Yerraa
717,DjDdDDj Damn
718,Freele
719,sls890
720,deadbang
721,wchouser3
722,hackoulouha
723,dankmemes
724,soulwinner
725,OverlordShadow
726,PabL0
727,Rubberarcher
728,S!Lence
729,twistakelv
730,malord123m
731,tanmayt
732,umair12ua
733,Dannyboy
734,linga555
735,IPhonez
736,495CertError
737,Sanderson0708
738,kalle
739,theduke70
740,daikabon2015
741,forummailpk
742,RobertMl
743,anoynoumois
744,V_razorleiro
745,MISFIT9609
746,nwilson
747,Team-DX
748,anana
749,DrunkRussianPain
750,sirchawlez sirchawlez
751,Spaceman
752,bjacharya
753,ForeignExchange
754,404
755,weedov
756,johncenahax
757,Darktopics
758,JimBean
759,normanxrail
760,deadlyfamous
761,Michell
762,Ms-Dos-Aids
763,sasr22
764,aamm3231
765,clark wayne
766,UnNaMeD__
767,josecarloshn
768,Filer
769,LaTortue
770,Zephyr
771,deadpixel
772,motepam
773,sourcebot
774,abdulladentredje
775,dianewatson77
776,svebzay96
777,Rehz
778,Marshun
779,kali-rath
780,netfreak123
781,gtank126
782,ratimcat
783,Greed
784,zie1910
785,blaxxhvrv
786,softwarevideo
787,fr13nd
788,pastorok
789,kente2619
790,Formula1
791,shunmanpros
792,Sniffer 019Sa
793,brentj005
794,RandomBullet
795,deftsuhf
796,haid
797,AlleneBlakemoreAaaaaaaa
798,judhelio3
799,greenny
800,JimiK
801,ccstore
802,kingwayne
803,amg23
804,mrwinn
805,plucky40
806,gourgelkeita
807,ayonic22
808,Robmurry
809,argon500
810,Jitesh123
811,spartan6067
812,Spiderworky6
813,lucas.dgt
814,laishaj
815,michellmoizz
816,surfer663
817,saddy
818,kamelbourse
819,4LiN0V4
820,Best lame
