0,gilles-so-stop-being-evil
1,sam
2,aaron-jones
3,community
4,l0b0
5,archemar
6,cptsupermrkt
7,eyoung100
8,ufoguy
9,slm
10,goldilocks
11,v010dya
12,jeff-schaller
13,pascal-schmiel
14,bernie2436
15,yurij73
16,zhenech
17,bratchley
18,dennis-kaarsemaker
19,0x0065
20,michael-homer
21,wdkrnls
22,renan
23,andes-ho
24,erch
25,scott
26,rui-f-ribeiro
27,ash
28,michas
29,sourcejedi
30,persiangulf
31,rici
32,hauke-laging
33,mattdm
34,jasonwryan
35,ivan
36,gareththered
37,chue-x
38,jeff
39,depquid
40,user
41,matt
42,peterph
43,mdpc
44,bananguin
45,themeaningfulengineer
46,baltostar
47,arielco
48,a4ute
49,frank
50,utopiabound
51,timo
52,zelda
53,nils
54,staxyz
55,phemmer
56,ukliviu
57,bruce-ediger
58,eric-wilson
59,liviu-gheorghisan
60,
61,countermode
62,frostschutz
63,quora-feans
64,peterh
65,derobert
66,terdon
67,wouter
68,rsfalcon7
69,vonbrand
70,grynn
71,o11c
72,naftuli-kay
73,warren-young
74,dannysauer
75,user402841
76,mtak
77,tps
78,bf
79,creek
80,emmwie
81,klerk
82,marvin-dickhaus
83,intika
84,aguevara
85,revisions
86,chris-down
87,bahamat
88,didi-kohen
89,christopher
90,ian-macintosh
91,joshua
92,kiksy
93,brwtx
94,john
95,taylor-henderson
96,gf
97,anthon
98,village
99,jenny-d
100,llua
101,christopher-bottoms
102,gasko-peter
103,midnightsteel
104,rufo-el-magufo
105,bitsofnix
106,dawud
107,rob
108,yuugian
109,nishan
110,codegnome
111,raza
112,jsj
113,omnifarious
114,terry
115,thomas-dickey
116,jlliagre
117,deer-hunter
118,celada
119,mr-white
120,robbat2
121,vangelis-tasoulas
122,alessandro-meyer
123,ams
124,adminbee
125,baba
126,user70878
127,user2064000
128,coteyr
129,emanuel-berg
130,daisy
131,ilia-rostovtsev
132,frederik-deweerdt
133,daniel-jour
134,a9phane-chazelas
135,mountainx
136,eightbittony
137,student
138,anthony-geoghegan
139,polym
140,ndt
141,toster
142,marco-van-hulten
143,jeff-smith
144,tshepang
145,shtirlits
146,flup
147,b6der
148,poige
149,chema989
150,marqin
151,gridlocked
152,user218045
153,mat
154,jim-paris
155,jippie
156,iewicz
157,arglist
158,halosghost
159,user1301428
160,svz
161,rqomey
162,michael-durrant
163,joseph-r
164,binghenzq
165,michael-mrozek
166,isevcik
167,dchirikov
168,faheem-mitha
169,s4mdf0o1
170,chaos
171,laurence
172,replay
173,pedro
174,b1trump-ban-bad
175,yuri
176,user2387
177,sourc7
178,pskocik
179,ori-price
180,strugee
181,drs
182,lkraav
183,the-compiler
184,a9e-ravier
185,porcelain-mouse
186,harboughforpresident
187,francisco
188,bctt
189,ire-and-curses
190,cl
191,jammypeach
192,spacefrogg
193,mountainerd
194,falcon-momot
195,mike-b
196,cuonglm
197,user1532468
198,yomismo
199,sprbrn
200,alexh
201,mkc
202,gabemai
203,totor
204,mjhennig
205,drav-sloan
206,istvan
207,ignacio-vazquez-abrams
208,mlsc
209,graeme
210,mikeserv
211,braiam
212,john1024
213,steven-penny
214,prunkdump
215,jzeolla
216,a7ak
217,casey
218,jnthnclrk
219,tobias
220,mreithub
221,dom
222,tim-kennedy
223,sebastian
224,matthid
225,evaristo
226,user1667191
227,psusi
228,doktor5000
229,mars
230,michael
231,spuder
232,robin-green
233,nidal
234,sparhawk
235,greg-hewgill
236,stormrider
237,saeed
238,mark-cohen
239,barun
240,jordanm
241,stefan-at-wpf
242,domsom
243,cwd
244,predrag-punosevac
245,redleon
246,fmstrat
247,ddario
248,huygens
249,chris-w-rea
250,black123
251,mohamed
252,h3rrmiller
253,tim-peterson
254,paul-d-waite
255,bonsaiviking
256,zebonaut
257,serge
258,sunil-singh
259,kyle-jones
260,ctrl-alt-delor
261,rabin
262,zje
263,ruban-savvy
264,ivan-lerner
265,tom-purl
266,lynxlynxlynx
267,alois-mahdal
268,matthew-moisen
269,g-man-says-reinstate-monica
270,pqnet
271,beginer
272,proxy-ninja
273,thomas-pornin
274,andreas-wiese
275,acgtyrant
276,tildalwave
277,tobias-kienzler
278,netblue
279,elrond
280,billthor
281,pablo-virgo
282,johan
283,nicholas
284,superuser0
285,stone
286,mark
287,rlf
288,luttztfz
289,bifrost
290,randy-howard
291,kwarrick
292,programster
293,magnus
294,ryan-sandridge
295,james-haigh
296,jens-timmerman
297,gerald-schneider
298,levon
299,karlson
300,harshal-kshatriya
301,jcora
302,tijagi
303,alex-zhi
304,yalo
305,kenorb
306,yo
307,ramesh
308,zama-ques
309,b6m
310,otagoharbour
311,user112311
312,pankaj-goyal
313,kravemir
314,tomas
315,mohit-sehgal
316,halfbit
317,blake
318,freedom-ben
319,iokevins
320,franks
321,eric-rumer
322,kotte
323,zskdan
324,shirish
325,kasravnd
326,arcx
327,chad-huneycutt
328,ransudoragon
329,paul-verschoor
330,joachim-breitner
331,lie-ryan
332,phk
333,leonid
334,tomh
335,wolf
336,siri
337,dmitry-frank
338,bowlofred
339,wilf
340,philip-durbin
341,wzis
342,cnst
343,wolfer
344,bruce-kirkpatrick
345,lgeorget
346,stackexchanger
347,brian
348,mezi
349,artiom
350,benson
351,eric
352,lekensteyn
353,hildred
354,t-webster
355,drake-clarris
356,a1r
357,rahul-patil
358,mark-praktisero
359,babin-lonston
360,user130144
361,h22
362,calmingt
363,ott
364,alexis
365,vinz
366,some1
367,rsuarez
368,mavillan
369,kippix
370,taffer
371,pyrulez
372,joy
373,agc
374,royce-williams
375,meejah
376,a7ois-feugeas
377,thrinadhn
378,nathan-v
379,jander
380,bill-white
381,k7aay
382,user55950
383,david-crosswell
384,josh
385,brian-winn
386,william-edwards
387,stw
388,m4110c
389,justin-garrison
390,mongrel
391,maxschlepzig
392,adrelanos
393,cam-jones
394,xralf
395,tim
396,angs
397,marianov
398,raphael-ahrens
399,david-grant
400,john-militer
401,michael-hampton
402,jofel
403,warwick
404,eric-seynaeve
405,barmar
406,mark-amery
407,gr33k
408,forquare
409,martin-von-wittich
410,andreas
411,wouter-verhelst
412,shadur
413,joe
414,elad
415,gilles-quenot
416,jgr208
417,nevereatalone
418,fixer1234
419,peter-turner
420,jaom
421,sr
422,kennm
423,9000
424,x-tian
425,caleb
426,ateijelo
427,billyw
428,tyler-durden
429,mivk
430,francewhoa
431,janos
432,martin-drautzburg
433,harrys-kavan
434,andy
435,82-ufnalewski
436,stan
437,pullsumo
438,fluffy
439,skarap
440,don-dilanga
441,johnny
442,polarisuser
443,jan
444,bobdoolittle
445,j-a-n-u-s
446,mythics
447,m-s-dousti
448,whitewinterwolf
449,otheus
450,thomas-nyman
451,lassepoulsen
452,raj
453,ravi
454,geekman
455,quetza
456,toby
457,alex-bod
458,cameronnemo
459,kevin
460,alex-chamberlain
461,stephen-rauch
462,gaurav-rajput
463,unixmiah
464,baard-kopperud
465,stephen-c
466,lawrencec
467,imz-ivan-zakharyaschev
468,philipp-wendler
469,quickmist
470,christos
471,wayne-werner
472,erdinc-ay
473,nathan-mccoy
474,trusktr
475,gertvdijk
476,ccpizza
477,dale
478,kratos
479,ron-vince
480,andcoz
481,fabian
482,froner
483,belmin-fernandez
484,tylerl
485,mark-underwood
486,loneboat
487,david
488,sidney
489,matthew-cline
490,jdh8
491,guss
492,wolfgang
493,qdii
494,ariel
495,thomas
496,kjo
497,muru
498,kusalananda
499,sari
500,jason-zhu
501,a9bastien-renauld
502,petr-topiarz
503,pauldaviesc
504,user1338062
505,corey-henderson
506,marioosh
507,marcelog
508,michael-yasumoto
509,gad3r
510,john-wh-smith
511,federico-poloni
512,mr-spuratic
513,oleksandr-bohovyk
514,random832
515,chipster
516,paul-k
517,jap1968
518,remmy
519,dopeghoti
520,kmassada
521,kasperd
522,muddletoes
523,fkraiem
524,sendmoreinfo
525,adi
526,jonathan-cross
527,linerd
528,jens
529,malvineous
530,michael-miller
531,eliad-cohen
532,sparticvs
533,somethingsomething
534,cherrysoft
535,coffemug
536,sa289
537,subtlearray
538,jcharaoui
539,bgstack15
540,javier-parra
541,trismegistos
542,felikz
543,brian-warren
544,andrew-ness
545,nanzikambe
546,mtk
547,ulrich-dangel
548,msw
549,laebshade
550,david-wilkins
551,samiam
552,orion
553,rodney
554,anthonyk
555,jkj
556,ill-be-back
557,stephan
558,stas
559,jason-swartz
560,matt-bird
561,jonas-kvinge
562,danny
563,jarekczek
564,nick-coons
565,rjmunro
566,dsimon
567,shw
568,9mjb
569,darren-cook
570,sevensideddie
571,foof
572,veniamin
573,ehime
574,martin
575,john-crout
576,angelo-fuchs
577,networkco
578,john-doe
579,a0poljar
580,dan
581,rahmu
582,alexios
583,cristian-ciupitu
584,elias-probst
585,gimballon
586,200-success
587,desmond-hume
588,useless
589,oshirowanen
590,user3100061
591,canadmos
592,joselsegura
593,hermancain
594,drchagas
595,nobar
596,dpb
597,dave-thompson-085
598,radek
599,user1766760
600,amphibient
601,ryan-a-chapman
602,tlo
603,ifexploit
604,fistoffury
605,binfalse
606,michael-suelmann
607,bingu-bingme
608,jirib
609,justin-rolf
610,schaiba
611,xhienne
612,lsd
613,january
614,melburslan
615,reinierpost
616,damien-pollet
617,marco
618,jonathan-leffler
619,gotoat
620,alinh
621,merlin2011
622,gmaster
623,juan
624,dimitrios-mistriotis
625,user208145
626,madmike
627,levi
628,tmt
629,krzysztofa-krzysztof
630,michael-vandemar
631,csi
632,brian-minton
633,cjm
634,tripleee
635,paolo
636,4m1nh4j1
637,n-even
638,cro
639,dmitry-grigoryev
640,meuh
641,matteo
642,augray
643,hey
644,neil-mcguigan
645,austin-hemmelgarn
646,user123456
647,immortal-squish
648,oskar-skog
649,julio
650,jonas-stein
651,nathaniel-m-beaver
652,thrig
653,sjsam
654,johnk
655,user1032531
656,hexdump
657,user16081
658,ankit-jain
659,ognjen-stanisavljevic
660,toby-speight
661,adam
662,steve
663,ilkkachu
664,ron
665,jules
666,maulinglawns
667,mateusz-piotrowski
668,user288609
669,arthur-decker
670,flowtron
671,marshki
672,iamr00t
673,tasket
674,jareg
675,mani
676,user1133275
677,mikejonesey
678,paul-burt
679,bowpark
680,ipor-sircer
681,user4556274
682,olivier-dulac
683,parsa-samet
684,vanagas
685,starfry
686,einonm
687,tigger
688,michael-mol
689,bloodyel
690,roaima
691,user207114
692,psmears
693,user180574
694,ned64
695,grochmal
696,a-l-verminburger
697,massimo
698,user207680
699,taras
700,abnask
701,vpfb
702,dr
703,flerb
704,robertshare
705,prosti
706,dims
707,thepiercingprince
708,g-ashburn
709,aaron-cicali
710,jpa
711,thushi
712,humanityandpeace
713,jdebp
714,uvv
715,johne
716,bruno9779
717,yodal
718,john-p
719,8d-katsura
720,j1088099-mvrht-com
721,ckujau
722,juhyung-son
723,torxed
724,achim
725,stephen-kitt
726,pevik
727,brando
728,sebasth
729,fritz
730,william-sandin
731,jakuje
732,qewg
733,stephen-harris
734,bob-hare
735,giacomo-catenazzi
736,yaron
737,mariaczi
738,jpmc26
739,hschou
740,styrofoam-fly
741,antzi
742,nathan-hill
743,thanatos
744,myndstream
745,matthias-braun
746,allo
747,asystemoverload
748,andrew
749,ankit-dixit
750,jnull
751,ddnomad
752,rubo77
753,evan-carroll
754,batfastad
755,quentin-fennessy
756,pjc50
757,loa-in
758,diego-dasso
759,rihad
760,michael-felt
761,dr3w-br1ck13
762,icarus
763,vi
764,alex-p
765,cetin-sert
766,aurelien
767,dankata
768,andrey
769,depresseddaniel
770,dencker
771,hans-martin-mosner
772,thufir
773,roko
774,user196279
775,jas
776,jonas
777,e-wagner
778,felixjn
779,wissam-roujoulah
780,vfclists
781,damansk
782,craig-small
783,jim-k
784,user2859982
785,pozzo-balbi
786,cdonner
787,ankit7540
788,xen2050
789,hehe3301
790,miheer
791,laywah
792,eexpress
793,81
794,gloschtla
795,gokul
796,zipzit
797,soger
798,maxisme
799,00prometheus
800,melab
801,madhav-nikam
802,livewirebt
803,chicks
804,roger
805,pjr
806,sevo
807,justin
808,mario-vitale
809,varpie
810,elizafox
811,johshi
812,marcan
813,ridgy
814,meji
815,benr
816,alien-life-form
817,justclouds
818,silas
819,peter-mortensen
820,olathe
821,michael-daffin
822,kyle-h
823,leksan
824,a1
825,steffen-ullrich
826,thb
827,k114647-mvrht-com
828,stefan0xc
829,digital-trauma
830,peschke
831,worblux
832,hilcharge
833,87
834,user232187
835,rahul
836,simon-richter
837,abdullah
838,us3rname
839,infinite-etcetera
840,peter-varga
841,fpmurphy
842,symcbean
843,vyom
844,map
845,kalabic
846,ismael-monroig-iii
847,sh1
848,anfi
849,snackbar
850,jessica-nowak
851,arved
852,ravexina
853,hunter-s-thompson
854,isaac
855,iw16
856,82-krypa
857,charles-van-der-genugten
858,vegatripy
859,averyfreeman
860,lxg
861,dolmen
862,ryan-lue
863,rudimeier
864,maaartinus
865,hamza-jabbour
866,adaz-riveros
867,sten0
868,schweik
869,ale
870,gotenks
871,jfk
872,bulfaitelo
873,paul-nordin
874,esl
875,rexroni
876,ralffriedl
877,cas
878,tim-mclean
879,fabby
880,akito
881,alex
882,dalvenjia
883,pungk
884,spraff
885,tim-friske
886,jojoatxgme
887,wirelyre
888,jacksgt
889,g491
890,julie-pelletier
891,luciano-andress-martini
892,einpoklum
893,jackleo
894,lorenzo-lerate
895,mariusmatutiae
896,lapsio
897,kevin-finkenbinder
898,zomp
899,wyzard
900,bitofagoob
901,hamed-rostami
902,josh-triplett
903,richard-braganza
904,jon-red
905,unbeliever
906,nc404
907,freesoftwareservers
908,huberts
909,zulgrib
910,stefan
911,ob-dev
912,aria
913,wqh29974-dsiay-com
914,alkabary
915,linuxsecurityfreak
916,eric-renouf
917,lee-man
918,syn
919,user3502626
920,murphy
921,b7
922,petrelharp
923,kiwy
924,igal
925,jaleks
926,popcornuk
927,fechi
928,joaocc
929,13dimitar
930,sidi-hbibi
931,emmanuel-rosa
932,apricot-boy
933,xiong-chiamiov
934,prado
935,chindraba
936,kerkouch
937,saga
938,bluesail20
939,techraf
940,pdc
941,pavel-kazhevets
942,minjaekim
943,stderr
944,zumo-de-vidrio
945,steveha
946,pitto
947,robert-kratky
948,nigel-b-peck
949,joe-damato
950,lash
951,user216035
952,kefka
953,rodrigo-calvo
954,boann
955,gavenkoa
956,gerhard-d
957,chev-603
958,airhuff
959,alex-r
960,jamal-d
961,user53029
962,heinzi
963,wittrup
964,nevrending
965,samb
966,cdhit
967,sokel
968,koala-yeung
969,cbley
970,macroman
971,nadir-latif
972,ben
973,user182821
974,tim-connor
975,jsbillings
976,xorinzor
977,skatedan
978,keyshov-borate
979,timothy-pulliam
980,jurbas
981,michaelmitchell
982,wilfried-ulrich
983,userx
984,sob
985,samantha-m
986,zachary-brady
987,napoleonthecake
988,marc
989,maxf
990,raman-sailopal
991,e2fsck
992,centimane
993,cosminb
994,cooee
995,dinath
996,lese
997,anton-tarasenko
998,marlan
999,saucecode
1000,davor-cubranic
1001,eric-dand
1002,demi
1003,kupujiji
1004,user204269
1005,michael-d
1006,bcstengecko
1007,eli
1008,cyker
1009,fmpwizard
1010,peter-crampton
1011,romeo-ninov
1012,david-king
1013,trudy
1014,emmerich
1015,einer-petersen
1016,pkaramol
1017,wildcard
1018,kaz
1019,a1k
1020,edward-tomasz-napierala
1021,krb686
1022,olaf
1023,hay
1024,carlos-rafael-ramirez
1025,taifwa
1026,micheal-johnson
1027,whoonetets
1028,jacob-jones
1029,andreas-grapentin
1030,oari
1031,rubberstamp
1032,asd
1033,a-b
1034,ivanivan
1035,nasir-riley
1036,ajlittoz
1037,tonioc
1038,echomike444
1039,steel-columbia
1040,zeta
1041,nox
1042,woky
1043,mviereck
1044,malloc
1045,telcom
1046,nu11secur1ty
1047,danila-kiver
1048,erikf
1049,hannan
1050,dessert
1051,gopy
1052,joker
1053,yilmaz
1054,bufferoverflow
1055,tom
1056,nohillside
1057,lukelr
1058,cgar4
1059,graham-nicholls
1060,baptiste-candellier
1061,vikram-u-k
1062,tachomi
1063,marko-farkas
1064,djsmiley2kstaysinside
1065,scottie-h
1066,andrew-murtagh
1067,jdwolf
1068,user9124834
1069,coding-guy
1070,egor-vasilyev
1071,habib-ullah-bahar
1072,assylias
1073,tanner-babcock
1074,authchir
1075,a9en
1076,mark-howard
1077,david-knipe
1078,zip
1079,henrik-supports-the-community
1080,boll19
1081,bob
1082,michael-prokopec
1083,scrumplex
1084,nicolas-mauti
1085,tink
1086,tiago-pimenta
1087,xenoid
1088,user253751
1089,user1643723
1090,stepheng
1091,holo
1092,fuseteam
1093,joshua-hall
1094,hessnov
1095,anon432
1096,s-buster
1097,ljm-dullaart
1098,msuchy
1099,xofo
1100,pts
1101,bodo
1102,jesse-b
1103,piskvor-left-the-building
1104,the-spooniest
1105,vu-hoang
1106,gracefulrestart
1107,rootameen
1108,ransh
1109,mark-e-haase
1110,techno1731
1111,82aw-grzegorz-pakla
1112,chronicc
1113,codekandis
1114,rodrigo
1115,kevin-lemaire
1116,georgi-stoyanov
1117,alex338207
1118,eternaltyro
1119,confetti
1120,arcticooling
1121,mark-lender
1122,pierre-vriens
1123,piedpiper
1124,rugk
1125,sergiy-kolodyazhnyy
1126,reyneer-leon
1127,bu5hman
1128,danny-tuppeny
1129,nodakai
1130,cemulate
1131,r-github-stop-helping-ice
1132,jol
1133,oktupol
1134,yurij-goncharuk
1135,mats
1136,simlev
1137,tom-klino
1138,a1n-eche
1139,taliezin
1140,user3766846
1141,tom-hale
1142,george
1143,abbe
1144,skaperen
1145,mistige
1146,9aubham
1147,akshat-thakar
1148,paul-atreides
1149,jason
1150,mike-diehn
1151,ll3
1152,ouzopower
1153,imharindersingh
1154,cbhacking
1155,9flar
1156,aesnak
1157,akhil
1158,lx-d
1159,zarnix
1160,manifestor
1161,evan-benn
1162,zanna
1163,stevied
1164,dave
1165,wokie
1166,cmp
1167,george-ivanov
1168,pablo-recalde
1169,jakub-jindra
1170,paul-razvan-berg
1171,nxnev
1172,x7qiu
1173,stackinator
1174,malan88
1175,stack-eg
1176,numb95
1177,errelion
1178,pedrotester
1179,barry-jones
1180,segment-fault
1181,bigon
1182,james-sneeringer
1183,niedzejkob
1184,the-quantum-physicist
1185,user323587
1186,francois-p
1187,philip-couling
1188,muschel
1189,ibrahim
1190,amin-vakil
1191,apilat
1192,lw1-at
1193,slok
1194,ed-grimm
1195,user1876484
1196,philip-kirkbride
1197,wjandrea
1198,jaam
1199,arushix
1200,gypsycosmonaut
1201,noisy-botnet
1202,john-forkosh
1203,peter
1204,kiamlaluno
1205,toraritte
1206,calavera-info
1207,turrican-34
1208,ingo-blackman
1209,newcentosuser
1210,user3450548
1211,lance
1212,cunninghamp3
1213,r-ferraz
1214,basile-starynkevitch
1215,arcus-mannen
1216,max-williams
1217,tk421
1218,munchkin
1219,leeand00
1220,user1404316
1221,outurnate
1222,siva
1223,crabman
1224,joepio
1225,johannes-linkels
1226,the-jackal
1227,tom-anderson
1228,marianom
1229,dasel
1230,crater2150
1231,bd
1232,jiwopene
1233,wispi
1234,webjuju
1235,leon
1236,asarluhi
1237,george-udosen
1238,filbranden
1239,pacerier
1240,dirkt
1241,expl0it-py
1242,melds
1243,user303414
1244,henriquehbr
1245,cp3o
1246,arnaldo-raxach
1247,putnik
1248,tomasz-grobelny
1249,dsollen
1250,guerlando-ocs
1251,zetam
1252,emmanuel
1253,patryk-beza
1254,heemayl
1255,joe-m
1256,mathieu-caroff
1257,vektor
1258,wojcieh
1259,cesar
1260,calaf
1261,romanperekhrest
1262,gen
1263,rudib
1264,ess
1265,markus-kuhn
1266,silmaril
1267,b1ull
1268,b6nnquist
1269,user9303970
1270,a9licien
1271,marvic-grima
1272,fox
1273,duhaime
1274,antonello
1275,kamil
1276,s0ands0
1277,anonymous3
1278,matisa
1279,stephen-boston
1280,sanboxbrowserperson
1281,guest
1282,j-collins
1283,guy
1284,viuser
1285,coder007
1286,user80551
1287,batch-scripter
1288,cjw101
1289,dan-bray
1290,tsotsi
1291,sml
1292,blendester
1293,moonsweep
1294,zombie-pigdragon
1295,sjamaan
1296,mc0e
1297,alexander-mills
1298,dominix
1299,joseph-sible-reinstate-monica
1300,hackerb9
1301,securitydoctor
1302,luchonacho
1303,plule
1304,telmo-trooper
1305,jay
1306,pat-gunn
1307,joey
1308,unor
1309,ibennetch
1310,momonga
1311,chiraag
1312,culter
1313,pbies
1314,fruff
1315,linuxguy
1316,craig-hicks
1317,111
1318,ryan-fisher
1319,ronin667
1320,buvanesh-kumar
1321,haohaolee
1322,hanugm
1323,fronteng
1324,leo
1325,sjoerd
1326,amit24x7
1327,hkoof
1328,anonyme
1329,kingmilo
1330,kaliko
1331,forthrin
1332,neon44
1333,user1780242
1334,faxopita
1335,lonix
1336,doktor-j
1337,em0
1338,donyorm
1339,user500048
1340,jesper-lindberg
1341,alex-ixeras
1342,muhammad-usman
1343,christoffer-reijer
1344,83
1345,skid
1346,jwodder
1347,john-von-neumann
1348,putty
1349,constantor
1350,rudic
1351,we-are-borg
1352,harvey-specter
1353,eamonn-nugent
1354,francisco-sour
1355,multithr3at3d
1356,paropunam
1357,rinzwind
1358,wurtel
1359,stefaan-ghysels
1360,claus-andersen
1361,b1ng-rikimaru
1362,mio-rin
1363,beeonrope
1364,doneal24
1365,lowkey
1366,phume
1367,valerio-bozz
1368,billq
1369,nils-werner
1370,ajay-joseph
1371,pablo-a
1372,lizardx
1373,qleguennec
1374,bill-paxtonn
1375,lofidevops
1376,arnab
1377,nepumuk
1378,stilez
1379,beldcode
1380,ottomeister
1381,martin-aj
1382,porton
1383,kemotep
1384,arigion
1385,stevendesu
1386,oucil
1387,vlie
1388,anant-infinity
1389,hackroute
1390,bernardo-rodrigues
1391,aaron-d-marasco
1392,artem-s-tashkinov
1393,nath
1394,julienlag
1395,supersim135
1396,bi-ao
1397,krackout
1398,user14013917
1399,richtric
1400,balon
1401,n0542344
1402,transient-loop
1403,clodoaldo
1404,lemoce
1405,joe-schmolo
1406,florian-castellane
1407,mark-stewart
1408,susurrian
1409,ben-f
1410,jesse-william-mac-dougall
1411,tohiko
1412,h3r3t1k
1413,vojtech-trefny
1414,basil-bourque
1415,jim-l
1416,stewart
1417,markus-grunwald
1418,francesco-colista
1419,prometheusrising
1420,suibianp
1421,user414777
1422,user1173240
1423,lassi
1424,jankanis
1425,moher
1426,mikefromit
1427,john-g
1428,itsafox
1429,poweroverwhelming-shell
1430,greyhair
1431,dcwaters
1432,alex-d
1433,galaktycznyseba
1434,menderes
1435,anonymous
1436,peter-reinstate-monica
1437,ferit
1438,anderson-medeiros-gomes
1439,edward
1440,wmjdgla
1441,patrick-l
1442,mario-carneiro
1443,zarak1
1444,michael-altfield
1445,durtal
1446,96stman
1447,debiannewb01
1448,airwan
1449,gezim
1450,nickdelta
1451,binarus
1452,larfan
1453,rayleigh
1454,user357176
1455,vincent-achard
1456,9a3eedi
1457,salviati
1458,jbg
1459,jamie-scott
1460,hassan
1461,vatosarmat
1462,ulrich-schwarz
1463,heathcliff
1464,alberto-salvia-novella
1465,ctclibby
1466,joshua-ferguson
1467,dojo
1468,hardillb
1469,johnydoe
1470,mikem
1471,ebvjr
1472,prithvirajan-balakrishnan
1473,digger
1474,somebody
1475,victor-chavauty
1476,siryx
1477,navarro
1478,a9-werlang
1479,b3pez
1480,overexchange
1481,transferorbit
1482,rshimoda
1483,markgraf
1484,criggie
1485,pipe
1486,alex-baranowski
1487,chuckcottrill
1488,harper-reinstate-monica
1489,ole-tange
1490,fraxinus
1491,artelius
1492,lserni
1493,orsiris-de-jong
1494,mjoao
1495,coderguy68
1496,john-leuenhagen
1497,rennitbaby
1498,yu-ting-chen
1499,gst
1500,slipz
1501,ltmuffin
1502,giusti
1503,thepip3r
1504,vrsio
1505,bracknelson
1506,user134167
1507,tedy-s
1508,sumak
1509,bk2204
1510,bruce-malaudzi
1511,sidjo
1512,mark-roi
1513,thanosam
1514,nikhil-sharma
1515,erik
1516,ehsan
1517,maiwand
1518,melebius
1519,megloff
1520,panki
1521,pepoluan
1522,greenonline
1523,jgs240
1524,r1w
1525,reda-salih
1526,hello-arch
1527,rplee
1528,martin-ba
1529,maclcm
1530,fuumind
1531,finefoot
1532,binarysta
1533,leoman
1534,a9
1535,limakzi
1536,yevhen-stasiv
1537,atomp
1538,lynx
1539,shanmu
1540,herringbottom
1541,kevin-cox
1542,glorfindel
1543,sgu55
1544,joe-berg
1545,alistair
1546,vico
1547,mylo-mylo
1548,shuzheng
1549,xaptive
1550,kebam
1551,fluffehstack
1552,rig0l
1553,sudodus
1554,chris-v
1555,elbarna
1556,stefan-skoglund
1557,sgp667
1558,holcombsimons
1559,justamartin
1560,karthik-nedunchezhiyan
1561,mosvy
1562,rolinger
1563,scare
1564,abdallah-talaat
1565,ajgringo619
1566,mpen
1567,george-g
1568,glaceon575
1569,swazzum
1570,timur-zhukov
1571,tjinbc
1572,d-w
1573,jonathan-dahlin
1574,gerbdla
1575,schrodigerscatcuriosity
1576,cde
1577,ungeheuer
1578,marcos
1579,raja-ayaz
1580,angelo
1581,carlos-r
1582,adhrar-nmatrous
1583,kgiii
1584,daniel-simon
1585,maxxim
1586,buzz-dee
1587,cathal-a-dinneen
1588,user360830
1589,plumo
1590,the-coding-penguin
1591,simon
1592,d-bhatnagar
1593,ricky116
1594,red-roo
1595,vilos
1596,user3623992
1597,com
1598,eleventyone
1599,thorian93
1600,jorg
1601,norake
1602,pawel-debski
1603,romaintt
1604,niving6473
1605,s-exchange-considered-harmful
1606,omkar-the-awk-ninja
1607,jan-s
1608,knud-larsen
1609,outtaluk
1610,waltinator
1611,timmy-johnson
1612,jack
1613,user1557314
1614,aapsi020421
1615,gaia
1616,user1933738
1617,bora-m-alper
1618,louisg00
1619,cornonthecob
1620,blackcrystal
1621,mateleco
1622,smci
1623,mike-waters
1624,eagleone
1625,themelis
1626,valeriy
1627,franklin-piat
1628,alessiosavi
1629,dvonessen
1630,yan-foto
1631,freddy
1632,lazyfatuglyshortquestionman
1633,mouse
1634,bulletbob
1635,realpclaudio
1636,yael
1637,sasan
1638,meddlmueller
1639,83n
1640,danila-vershinin
1641,saft
1642,schuwilly
1643,itarill
1644,rouben-tchakhmakhtchian
1645,gwg
1646,hafiz-muhammad-shafiq
1647,umair-khan
1648,amy
1649,b2
1650,levente
1651,kyoma
1652,a-slotten
1653,david-g
1654,m3rs
1655,buck-banzai
1656,tyblitz
1657,parsa-mousavi
1658,xian-stannard
1659,user161005
1660,a1pani
1661,f1linux
1662,k4r1
1663,jay-b
1664,zhro
1665,lvella
1666,eagertoknowthanksalot
1667,asantos
1668,michael-angel-p
1669,moqtite
1670,rjt
1671,adguez
1672,ruben
1673,kosmita
1674,mc68020
1675,larry-robinson
1676,ljkims
1677,shiftf5
1678,mark-thomas
1679,bat
1680,ernestas-gruodis
1681,jere-sumell
1682,greendrake
1683,mery-ted
1684,michaelkrieger
1685,sysadmin
1686,testuser
1687,user359015
1688,dwasifar
1689,user10216038
1690,yesco1
1691,tainaefe
1692,typhome
1693,grifferz
1694,arpton
1695,cyb3rz
1696,mcmx
1697,duckypluck
1698,dannyniu
1699,toothrot
1700,dasdasd
1701,pheric
1702,wise-kaa
1703,user3728501
1704,jos-bunt
1705,muhammad-dyas-yaskur
1706,jobe
1707,indolering
1708,kishore
1709,kay
1710,cherouvim
1711,pleskymajor
1712,justeverything
1713,user15740
1714,alex-lowe
1715,kied-llaentenn
1716,new2linux
1717,nilp0inter
1718,mark-d
1719,mstackoverflow
1720,manu
1721,nullnv0id
1722,ilia-tikhomirov
1723,mario-nette
1724,southpac
1725,arif
1726,adamsfamily
1727,weekling
1728,thetuxracer
1729,nocool
1730,never-mind
1731,eduardo-lucio
1732,imstackwithworkoverflow
1733,vincenzo-caragallo
1734,mpn
1735,bart
1736,r-s
1737,threadguy
1738,greenie-beans
1739,pierre
1740,klaus
1741,a-blop
1742,forest
1743,aref-alikhani
1744,curious-dim
1745,creativecoding
1746,timesharer
1747,debos
1748,dustin-kirkland
1749,bichoy
1750,user610209
1751,richard
1752,aathith-rajendran
1753,juanu
1754,ancientminds
1755,yoyo
1756,xinus
1757,dubu
1758,1lus1loppa
1759,schily
1760,webknjaz
1761,jasen
1762,minix
1763,vicer
1764,lugaxx
1765,dave-alcarin
1766,adk
1767,postfuturist
1768,andrew-henle
1769,danijel-james-w
1770,dlight
1771,samson
1772,sridhar-ratnakumar
1773,r004
1774,reza-hajianpour
1775,a9rez
1776,debianomore
1777,hspaans
1778,user3808334
1779,kreuvf
1780,tim-s
1781,tuan-le
1782,karim
1783,captain-man
1784,yaegashi
1785,george-m
1786,lornix
1787,rush
1788,llhuii
1789,christopher-stanley
1790,klaatu-von-schlacker
1791,b4
1792,flickerfly
1793,fernando-pap
1794,stephen-schrauger
1795,monica-for-ceo
1796,gravity
1797,bandrami
1798,hubro
1799,lambert
1800,kaizencoder
1801,jai-s
1802,paul-calabro
1803,timothy-martin
1804,robertl
1805,tom-zych
1806,galaxy
1807,lockdoc
1808,user1071847
1809,barry-pollard
1810,user3759547
1811,mmtauqir
1812,abdullah-alm
1813,petro
1814,a9-antonio-lemus-moreno
1815,matthewrock
1816,fargolk
1817,user339676
1818,user4098326
1819,pyther
1820,noam-m
1821,user1182474
1822,michael-boies
1823,sailorcire
1824,silverlightfox
1825,sebelk
1826,dhag
1827,tony
1828,adolfo-perez
1829,vartec
1830,phuclv
1831,harsh-vardhan
1832,lax
1833,vato
1834,stanri
1835,john-om
1836,question-overflow
1837,the-velour-fog
1838,mark-plotnick
1839,chad-clark
1840,oskar-k
1841,javadeveloper
1842,marco-ditri
1843,robut
1844,mjturner
1845,maihabunash
1846,csny
1847,vpathak
1848,brendan-annable
1849,jodka-lemon
1850,nitinkumar-ambekar
1851,ezgoodnight
1852,david-richerby
1853,joh1
1854,borjab
1855,lovespring
1856,moonknight
1857,olivier
1858,bot47
1859,incnis-mrsi
1860,darthrevan13
1861,ncomputers
1862,b3n
1863,tarleb
1864,skib-rs
1865,aphroditevenus
1866,jpc
1867,lcd047
1868,hebothu
1869,a-coder
1870,bfncs
1871,paulb
1872,sidhu1f
1873,andres
1874,jigglynaga
1875,justadudelookinforhelp
1876,safayet-ahmed
1877,dhw
1878,user3566929
1879,terary
1880,hbruijn
1881,johann
1882,wernfried-domscheit
1883,ericx
1884,louistp
1885,mkomarinski
1886,bytor
1887,argle
1888,dewi-morgan
1889,user142242
1890,sodan
1891,behrooz
1892,charles-duffy
1893,lennart-rolland
1894,archit3k
1895,jackos2500
1896,anatoly-techtonik
1897,dale-anderson
1898,leden
1899,displayname
1900,user8
1901,walter
1902,daniel
1903,it-user
1904,mrc02-kr
1905,art-hill
1906,jong
1907,msrd0
1908,don-crissti
1909,kev
1910,erdem-ece
1911,doniu54
1912,garo
1913,dtbnguyen
1914,hubatrix
1915,chris-olin
1916,modulitos
1917,cmorris14
1918,pdp
1919,trr
1920,thomas-erker
1921,rahulan
1922,grin
1923,toxefa
1924,dansut
1925,a9ment
1926,duncan-x-simpson
1927,smiling-dragon
1928,valerirangelov
1929,philbert
1930,arcyqwerty
1931,citylight
1932,dataless
1933,robartsd
1934,dimmech
1935,mnille
1936,jrferguson
1937,sebastian-piech
1938,dejan-zelic
1939,mike
1940,steve-hernandez
1941,sr-1436048
1942,nizam-mohamed
1943,odc
1944,papermonkey
1945,keypulse
1946,somelooser28533
1947,strcat
1948,kiaaze
1949,pawel7318
1950,moriab
1951,xryl669
1952,amelio-vazquez-reina
1953,b-t
1954,mehulved
1955,ramnath
1956,blake-frederick
1957,duke-dougal
1958,gravy
1959,necrotechno
1960,ryanh
1961,janis
1962,ellis-percival
1963,rhz
1964,thomas-weinbrenner
1965,whocares
1966,user2601969
1967,81ngel
1968,friedrich
1969,alexises
1970,martin-vegter
1971,vfbsilva
1972,user113172
1973,dominosugar
1974,systemcookie
1975,daruma
1976,okurz
1977,fazel
1978,mohammadreza-moeini
1979,varoso
1980,cestarian
1981,swu
1982,dervishe
1983,svetlin-tonchev
1984,daniel-alder
1985,elias
1986,mpmv15
1987,arcanine
1988,nickwebber
1989,cat
1990,supbrah
1991,emory
1992,rein-henrichs
1993,dacav
1994,alexander
1995,dominique
1996,noor
1997,duckpuncher
1998,jake
1999,falsenames
2000,adam-katz
2001,joril
2002,sobrique
2003,alfonso
2004,chris
2005,frankl
2006,lars-jansen
2007,backspace
2008,kos
2009,ma0ho
2010,ringstaart
2011,zoredache
2012,user107143
2013,chiseledabs
2014,infixed
2015,cbhihe
2016,iamauser
2017,mitsos101
2018,naveen-dharman
2019,to-do
2020,cer-bih
2021,damon
2022,viliam
2023,gnp
2024,barej
2025,aecolley
2026,arr0way
2027,trevor-boyd-smith
2028,xion
2029,bacon
2030,user121196
2031,nebuch
2032,0xsheepdog
2033,manix
2034,geekbass
2035,malina-salina
2036,greenoldman
2037,flyingdrifter
2038,sdlion
2039,abrixas2
2040,frogstarr78
2041,bastiaan-quast
2042,chris-h
2043,basbebe
2044,steve-wills
2045,adamtamu
2046,jorgeefg
2047,jens-erat
2048,dennis
2049,mike-thoma
2050,murmel
2051,jobo-wodo
2052,biosehnsucht
2053,peter-chubb
2054,jwillberg
2055,pouya
2056,netikras
2057,gert-van-den-berg
2058,opsxcq
2059,nachtigall
2060,daniel-f
2061,peter-nowee
2062,minimalis
2063,84ski
2064,user844731
2065,whats-my-name
2066,jb-listener
2067,fduff
2068,jared-phillips
2069,bobafetthotmail
2070,pandya
2071,baazigar
2072,markmnl
2073,a3nm
2074,uxserx-bw
2075,13ushm4n
2076,loopbackbee
2077,fred
2078,ijaz-ahmad-khan
2079,pseyfert
2080,flare-cat
2081,norman-white
2082,sorin
2083,hg8
2084,sebix
2085,davis-yoshida
2086,chris-davidson
2087,anotherguy
2088,arkadiusz-drabczyk
2089,user236012
2090,azsgy
2091,amabile-scientius
2092,martin-pas
2093,andrew-457
2094,oli
2095,gwillie
2096,patrick-mevzek
2097,a4rakrul
2098,jim-hoagland
2099,dragon788
2100,mikhail-morfikov
2101,paul-h
2102,linc-madison
2103,firelord
2104,chrisii
2105,zwol
2106,marcelo
2107,adonis
2108,arc-lupus
2109,thelovelysausage
2110,davidf
2111,snazzy-sanoj
2112,jcbermu
2113,pedro-galvao
2114,simon-fredsted
2115,roy-hinkley
2116,alpham8
2117,eugene-yarmash
2118,tom-hunt
2119,pete-cornell
2120,bgvaughan
2121,devnull
